row,col,map_x,map_y,similarity,R_mean,R_std,G_mean,G_std,B_mean,B_std,GLCM_contrast,GLCM_homogeneity,GLCM_energy,GLCM_correlation,edge_density,DSM_mean,DSM_std,DSM_roughness,pct_ceramic,pct_fiber,pct_paved_road,pct_exposed_soil,pct_vegetation,informality_idx,formality_idx
0,0,186798.7638,8951441.8997,0.405031,114.951874,25.678141,121.848427,20.982136,92.532898,25.056944,11.564318,0.349894,0.072206,0.810937,0.276875,-1710.983643,3781.452148,42.022564,0.004900,0.037900,0.026075,0.024600,0.903525,0.067400,0.929600
0,100,186848.7638,8951441.8997,0.410954,116.689796,28.294456,122.733826,23.627342,93.448975,26.771183,12.336489,0.349100,0.068817,0.839416,0.282350,-1638.508789,3716.815430,27.631464,0.011200,0.028725,0.012975,0.043650,0.896725,0.083575,0.909700
0,200,186898.7638,8951441.8997,0.404068,127.780701,33.533543,127.228149,28.169178,105.292450,28.199675,14.531699,0.326693,0.058757,0.865651,0.299950,-1595.354858,3676.182373,27.577755,0.032200,0.021450,0.008950,0.176575,0.751025,0.230225,0.759975
0,300,186948.7638,8951441.8997,0.352585,138.331802,31.892391,133.470200,27.464109,113.489578,25.727980,15.054715,0.306822,0.061567,0.850472,0.310325,-1552.297852,3635.232178,27.639475,0.034075,0.008425,0.002750,0.280425,0.658400,0.322925,0.661150
0,400,186998.7638,8951441.8997,0.281328,138.919556,27.465557,134.352798,24.069418,115.150726,24.069769,12.549453,0.324516,0.072069,0.838255,0.275000,-1508.140381,3594.116211,27.836662,0.019675,0.014875,0.007675,0.229400,0.706025,0.263950,0.713700
0,500,187048.7638,8951441.8997,0.203298,135.871017,20.680767,132.192825,18.301476,116.279678,18.466995,8.187748,0.367524,0.093716,0.815728,0.222100,-1461.385254,3549.880371,28.085135,0.012100,0.033375,0.012650,0.145100,0.782825,0.190575,0.795475
0,600,187098.7638,8951441.8997,0.210269,134.035355,14.303022,130.826599,12.985335,115.843498,12.763301,6.527358,0.392446,0.107702,0.703269,0.200200,-1413.558350,3504.188721,28.800701,0.008350,0.031000,0.010975,0.089325,0.852250,0.128675,0.863225
0,700,187148.7638,8951441.8997,0.256889,131.061676,21.285450,127.134850,18.674192,109.828178,20.096277,10.077899,0.366409,0.090474,0.786311,0.222700,-1368.026733,3461.030029,29.781975,0.032700,0.020750,0.007550,0.119575,0.810450,0.173025,0.818000
0,800,187198.7638,8951441.8997,0.401749,136.047470,30.089088,127.711472,28.843685,112.641373,30.480452,17.754478,0.349814,0.064499,0.831908,0.231525,-1324.156860,3417.899414,30.294907,0.168950,0.041650,0.073400,0.149675,0.542900,0.360275,0.616300
0,900,187248.7638,8951441.8997,0.495291,139.999130,33.455734,128.202469,34.874413,118.262253,35.191193,22.865719,0.357533,0.061698,0.842566,0.222300,-1281.654663,3373.862061,30.624985,0.299250,0.080225,0.121275,0.102225,0.362075,0.481700,0.483350
0,1000,187298.7638,8951441.8997,0.547116,138.909393,34.905144,127.325401,36.381496,119.442451,36.053307,24.709694,0.342154,0.057608,0.843056,0.239475,-1241.302490,3329.390869,30.779036,0.332075,0.103300,0.106775,0.074325,0.346450,0.509700,0.453225
0,1100,187348.7638,8951441.8997,0.558908,138.569717,36.436852,128.621048,37.730156,121.884071,37.057934,26.639650,0.338629,0.054492,0.843352,0.256075,-1198.891357,3282.677002,31.020622,0.313050,0.118100,0.129200,0.070925,0.327350,0.502075,0.456550
0,1200,187398.7638,8951441.8997,0.588407,141.176132,39.252285,128.839828,39.451530,121.706429,37.909325,28.819044,0.338839,0.053816,0.845505,0.260700,-1153.551270,3230.363525,31.181498,0.386725,0.100975,0.115600,0.093225,0.258675,0.580925,0.374275
0,1300,187448.7638,8951441.8997,0.629894,142.367920,39.697514,127.776321,40.406956,120.633926,38.153549,30.320665,0.326138,0.054200,0.843251,0.272500,-1110.470947,3179.294678,31.176752,0.467000,0.089750,0.090525,0.092150,0.202850,0.648900,0.293375
0,1400,187498.7638,8951441.8997,0.592934,139.655472,37.087261,127.872299,38.645077,120.853996,36.832554,28.548151,0.329083,0.056011,0.837366,0.270075,-1071.830811,3132.468750,31.177845,0.375000,0.092750,0.129225,0.083325,0.266125,0.551075,0.395350
0,1500,187548.7638,8951441.8997,0.425294,144.662598,34.235271,136.429474,35.920338,127.210953,35.680996,23.502823,0.391370,0.062237,0.846456,0.222400,-1035.991333,3084.702148,31.056759,0.191675,0.101725,0.191250,0.129825,0.336750,0.423225,0.528000
0,1600,187598.7638,8951441.8997,0.458843,146.610672,36.710373,136.122681,38.173706,126.690903,36.780342,25.714800,0.384072,0.056898,0.850770,0.218375,-998.155579,3033.954346,31.011520,0.263550,0.102050,0.145200,0.134025,0.287900,0.499625,0.433100
0,1700,187648.7638,8951441.8997,0.626197,142.593796,41.368240,129.039871,41.104015,120.542328,38.019096,30.307640,0.327058,0.051300,0.850777,0.257350,-954.592529,2976.161621,31.127724,0.431825,0.081075,0.059950,0.087800,0.251950,0.600700,0.311900
0,1800,187698.7638,8951441.8997,0.615320,144.848679,41.783733,131.073257,41.415611,122.262901,38.898579,31.087387,0.327661,0.051735,0.849819,0.262500,-911.617004,2920.691162,31.993200,0.432450,0.086800,0.055025,0.092175,0.251025,0.611425,0.306050
100,0,186798.7638,8951391.8997,0.607388,114.352951,33.930550,119.829399,29.839890,99.242676,31.999077,18.040358,0.312709,0.057150,0.847404,0.302625,-55.069008,865.958801,29.613470,0.041125,0.076525,0.040175,0.023325,0.805025,0.140975,0.845200
100,100,186848.7638,8951391.8997,0.662761,113.406921,34.087990,120.480301,30.034065,96.746696,30.840860,19.051001,0.304844,0.055081,0.839143,0.315025,16.118410,9.741221,3.390103,0.024000,0.053050,0.028150,0.025675,0.858775,0.102725,0.886925
100,200,186898.7638,8951391.8997,0.670172,115.175522,35.825237,120.538696,30.628969,97.539253,27.879778,20.646536,0.289929,0.051478,0.831973,0.327025,12.973815,7.658407,2.917044,0.016750,0.023400,0.008800,0.093150,0.852225,0.133300,0.861025
100,300,186948.7638,8951391.8997,0.650467,124.018898,36.542839,124.307678,30.783119,100.876900,28.074730,20.180105,0.274971,0.050103,0.840033,0.338575,13.179575,8.220600,3.166213,0.036000,0.008500,0.002200,0.173325,0.768475,0.217825,0.770675
100,400,186998.7638,8951391.8997,0.596616,126.441673,34.403389,124.982773,29.777014,102.627899,29.022825,17.152143,0.285828,0.052564,0.854604,0.322350,15.621239,9.185913,3.725422,0.033975,0.016825,0.007250,0.160250,0.761425,0.211050,0.768675
100,500,187048.7638,8951391.8997,0.211862,132.082397,29.126945,128.318451,26.012619,111.996048,26.631439,11.630395,0.344774,0.068714,0.869888,0.257125,16.870644,9.586892,4.135207,0.035025,0.050500,0.014600,0.137500,0.733825,0.223025,0.748425
100,600,187098.7638,8951391.8997,0.064499,136.961319,19.310801,130.015198,19.449783,115.594299,19.184103,7.460819,0.415511,0.098029,0.839252,0.173400,17.714424,10.819459,4.599636,0.048125,0.044125,0.011000,0.125300,0.745850,0.217550,0.756850
100,700,187148.7638,8951391.8997,0.124596,134.330521,17.743942,126.330551,17.059080,110.250252,16.970387,7.316283,0.428092,0.110462,0.800739,0.152025,21.045376,13.130947,5.461643,0.077425,0.013650,0.004175,0.142675,0.749450,0.233750,0.753625
100,800,187198.7638,8951391.8997,0.123807,136.968018,19.481674,127.635597,18.776577,111.869598,19.924395,8.749071,0.431284,0.106379,0.805470,0.135150,24.980482,14.929898,6.340960,0.132700,0.013850,0.032875,0.162925,0.647025,0.309475,0.679900
100,900,187248.7638,8951391.8997,0.152272,137.029297,21.527786,127.325653,21.661247,112.711075,23.199547,9.856717,0.453711,0.113258,0.830694,0.098350,27.425976,15.728683,6.765235,0.138250,0.021450,0.064250,0.129125,0.632250,0.288825,0.696500
100,1000,187298.7638,8951391.8997,0.180276,135.370682,23.644484,127.275322,24.392456,115.212227,25.421768,11.557045,0.442596,0.105138,0.839090,0.125650,27.997044,15.136690,6.843781,0.115575,0.065200,0.069200,0.080850,0.648700,0.261625,0.717900
100,1100,187348.7638,8951391.8997,0.362315,134.015701,28.039694,127.385353,28.944866,118.151573,28.861641,14.837100,0.393631,0.077157,0.852356,0.207550,26.931381,14.063037,6.599320,0.136325,0.110850,0.081850,0.062500,0.584400,0.309675,0.666250
100,1200,187398.7638,8951391.8997,0.599304,138.596527,34.502411,128.885223,33.948189,119.490479,32.406502,20.984001,0.354341,0.057890,0.849766,0.264250,25.125097,13.909719,6.318585,0.241500,0.090125,0.079325,0.143950,0.419775,0.475575,0.499100
100,1300,187448.7638,8951391.8997,0.656863,142.526199,36.115746,130.228500,36.550701,120.924652,34.399658,26.049490,0.341683,0.057454,0.835533,0.274550,25.910160,14.907496,6.495542,0.315150,0.079150,0.074950,0.179475,0.315075,0.573775,0.390025
100,1400,187498.7638,8951391.8997,0.634297,140.794144,35.524872,130.362228,36.392872,119.823624,34.736145,25.405952,0.338673,0.055905,0.838893,0.264175,25.653950,15.422185,6.322743,0.245250,0.078625,0.076925,0.179725,0.380875,0.503600,0.457800
100,1500,187548.7638,8951391.8997,0.506821,143.884369,37.958637,135.690521,37.913090,123.646378,37.105309,25.801565,0.360976,0.054861,0.852890,0.240300,22.467016,14.104843,5.886977,0.158850,0.087925,0.090325,0.213125,0.416500,0.459900,0.506825
100,1600,187598.7638,8951391.8997,0.574796,144.890182,41.316074,135.949326,39.885197,123.452652,38.948242,27.161495,0.349855,0.050950,0.861908,0.250075,22.238506,13.262339,5.888248,0.224200,0.085525,0.074850,0.187225,0.376625,0.496950,0.451475
100,1700,187648.7638,8951391.8997,0.673344,145.067307,42.807556,134.304718,40.426735,121.111725,38.955170,28.893394,0.320982,0.051283,0.858673,0.270250,24.550501,13.623275,6.454718,0.298250,0.075975,0.037900,0.154375,0.362525,0.528600,0.400425
100,1800,187698.7638,8951391.8997,0.659541,148.921326,42.708504,136.683594,41.672478,124.218376,39.467323,34.075733,0.319592,0.050751,0.839783,0.271825,27.476681,14.165747,7.500961,0.323725,0.095975,0.038525,0.167325,0.310500,0.587025,0.349025
200,0,186798.7638,8951341.8997,0.634059,118.326103,35.411205,120.635048,31.851576,106.152573,34.225204,18.965160,0.307115,0.054874,0.859234,0.306100,-105.250984,1105.276245,29.278769,0.053250,0.125175,0.055175,0.026650,0.725150,0.205075,0.780325
200,100,186848.7638,8951341.8997,0.761350,113.975449,36.898468,119.438622,33.117405,101.611626,34.212433,22.083792,0.282478,0.050303,0.846139,0.324675,16.924229,10.322171,3.937952,0.044525,0.099275,0.046075,0.023525,0.775775,0.167325,0.821850
200,200,186898.7638,8951341.8997,0.720618,112.360497,35.388481,116.515228,30.090979,94.595978,26.528263,21.829498,0.278393,0.053200,0.814281,0.339300,16.901102,10.117544,3.901181,0.051075,0.017850,0.003175,0.089975,0.831525,0.158900,0.834700
200,300,186948.7638,8951341.8997,0.664088,123.240822,35.049320,121.990997,29.129549,98.224052,26.784510,19.361004,0.280835,0.055092,0.829749,0.341325,17.261560,10.392318,4.089178,0.068875,0.004000,0.000600,0.154625,0.765975,0.227500,0.766575
200,400,186998.7638,8951341.8997,0.657979,124.336601,34.705975,122.275703,29.999029,99.642174,29.068893,17.860689,0.286806,0.054608,0.850555,0.333775,17.912817,10.315765,4.495502,0.065300,0.011575,0.001975,0.137200,0.768200,0.214075,0.770175
200,500,187048.7638,8951341.8997,0.492569,127.566353,32.866726,123.666779,29.213856,106.367722,29.821447,13.734992,0.335263,0.061634,0.878798,0.282125,18.286613,10.455175,4.732742,0.060400,0.035650,0.006425,0.123500,0.738425,0.219550,0.744850
200,600,187098.7638,8951341.8997,0.167354,131.659149,24.020124,123.307404,22.612961,108.343224,22.783758,7.591075,0.435366,0.109150,0.884367,0.142075,18.066029,10.561265,4.787574,0.091800,0.027300,0.005250,0.116900,0.731450,0.236000,0.736700
200,700,187148.7638,8951341.8997,0.177143,132.135773,12.380022,121.613152,12.649406,105.995850,12.553318,3.582887,0.497197,0.153917,0.817967,0.060300,19.237228,11.367431,5.056619,0.129825,0.001750,0.000475,0.121250,0.740000,0.252825,0.740475
200,800,187198.7638,8951341.8997,0.160056,134.476471,11.377563,123.882477,11.606208,108.314751,11.730973,3.364245,0.498419,0.145795,0.799280,0.071775,23.243147,13.807656,5.879086,0.143150,0.001500,0.000275,0.148450,0.703075,0.293100,0.703350
200,900,187248.7638,8951341.8997,0.161032,134.160172,11.740474,123.960075,11.493906,107.918549,11.756845,3.848247,0.493957,0.142841,0.770679,0.073650,28.510902,15.518349,6.703050,0.108600,0.001500,0.000300,0.142600,0.744475,0.252700,0.744775
200,1000,187298.7638,8951341.8997,0.187003,133.227753,12.816186,124.579498,12.219846,109.283348,13.197998,5.551149,0.464780,0.129361,0.708381,0.110975,30.457094,15.999531,6.982508,0.064325,0.027325,0.002825,0.118400,0.784800,0.210050,0.787625
200,1100,187348.7638,8951341.8997,0.218463,130.280518,18.586670,124.015297,17.603006,112.226349,16.577972,8.978262,0.394390,0.094474,0.767121,0.211175,27.872395,15.670357,6.704030,0.049800,0.071900,0.011850,0.101375,0.760875,0.223075,0.772725
200,1200,187398.7638,8951341.8997,0.200364,136.849182,29.794611,128.900757,27.245375,116.274300,22.966579,12.733683,0.399539,0.072213,0.862988,0.233650,24.354269,14.639724,6.173393,0.087550,0.062325,0.012350,0.255475,0.577975,0.405350,0.590325
200,1300,187448.7638,8951341.8997,0.247265,150.580780,31.778851,139.537979,30.341560,123.087929,25.501938,13.571612,0.488130,0.116787,0.878422,0.176500,23.878553,14.043271,6.182721,0.123700,0.034125,0.008450,0.498200,0.332800,0.656025,0.341250
200,1400,187498.7638,8951341.8997,0.257823,148.841721,32.615135,138.967346,31.270447,122.441452,27.858978,15.607122,0.457335,0.101391,0.870276,0.186625,23.456585,13.716916,6.039907,0.099525,0.038850,0.010325,0.465100,0.380375,0.603475,0.390700
200,1500,187548.7638,8951341.8997,0.502652,139.650925,38.432724,131.690155,36.503742,117.151672,34.589733,23.265179,0.357425,0.059048,0.860451,0.240800,22.311907,13.448539,5.822547,0.127800,0.059050,0.013975,0.285725,0.495425,0.472575,0.509400
200,1600,187598.7638,8951341.8997,0.869807,132.239395,42.687057,125.142448,38.742100,111.410400,37.160900,28.446562,0.309541,0.049231,0.851950,0.277975,22.948063,13.705791,6.169185,0.216450,0.064850,0.014450,0.171750,0.507650,0.453050,0.522100
200,1700,187648.7638,8951341.8997,0.934322,131.036469,42.791447,123.304451,38.541660,110.103874,37.352230,30.041132,0.294338,0.048606,0.841834,0.291800,22.797794,13.994127,6.490798,0.254525,0.071675,0.016375,0.129600,0.505025,0.455800,0.521400
200,1800,187698.7638,8951341.8997,0.843643,138.715881,42.899235,127.510803,39.773201,114.047897,37.362183,33.177471,0.295022,0.047233,0.832276,0.291450,21.800587,13.912687,6.510768,0.300025,0.075275,0.019200,0.165150,0.414900,0.540450,0.434100
300,0,186798.7638,8951291.8997,0.575598,116.736725,32.291309,118.723747,27.850969,103.279472,30.336382,15.205929,0.318918,0.059492,0.855642,0.306400,-154.312393,1291.773193,28.945038,0.033575,0.097150,0.036375,0.056850,0.765875,0.187575,0.802250
300,100,186848.7638,8951291.8997,0.674242,120.410576,32.781151,121.361778,27.877941,104.657326,30.050783,17.133745,0.298905,0.058270,0.838765,0.317450,19.681265,12.344884,4.435444,0.043800,0.081800,0.030925,0.074000,0.756850,0.199600,0.787775
300,200,186898.7638,8951291.8997,0.611727,119.155327,33.234303,118.645851,26.907246,98.986122,27.105410,15.349161,0.315807,0.061755,0.848179,0.303025,22.742262,12.843838,4.964354,0.057775,0.018025,0.003825,0.117550,0.790950,0.193350,0.794775
300,300,186948.7638,8951291.8997,0.556669,123.724426,34.004326,121.155525,27.544470,99.150078,28.688049,13.687979,0.322750,0.061834,0.872706,0.298950,21.991293,12.542166,5.004772,0.070125,0.003900,0.000725,0.156800,0.759425,0.230825,0.760150
300,400,186998.7638,8951291.8997,0.436244,132.276825,31.952990,126.817352,27.639482,107.205803,29.562492,13.437147,0.322725,0.063361,0.871350,0.309100,21.834349,13.039394,5.048917,0.080475,0.009375,0.001725,0.196875,0.692075,0.286725,0.693800
300,500,187048.7638,8951291.8997,0.436141,131.032700,31.867403,125.480225,28.034132,108.772522,29.448877,12.503531,0.332942,0.062346,0.881940,0.302725,23.210865,13.958825,5.475592,0.081500,0.019425,0.003275,0.178300,0.683300,0.279225,0.686575
300,600,187098.7638,8951291.8997,0.230796,130.497192,27.370619,123.165047,24.668774,108.044403,25.446344,10.190762,0.375519,0.082811,0.873247,0.230700,23.145573,14.096739,5.895054,0.109475,0.021075,0.004600,0.144675,0.691075,0.275225,0.695675
300,700,187148.7638,8951291.8997,0.162082,132.983170,16.616026,123.204147,16.480875,108.277649,17.018467,5.963360,0.446495,0.122778,0.825172,0.130125,22.145594,13.737549,5.914381,0.133950,0.011975,0.003600,0.139050,0.698150,0.284975,0.701750
300,800,187198.7638,8951291.8997,0.159261,132.972076,13.704950,122.716949,13.959044,107.422752,14.207322,4.066117,0.486198,0.137857,0.831393,0.096750,23.531710,14.393426,5.960002,0.124125,0.006850,0.001450,0.142725,0.717200,0.273700,0.718650
300,900,187248.7638,8951291.8997,0.186575,130.250198,16.551695,121.181351,15.343706,106.596123,15.856204,6.095406,0.447313,0.121287,0.800706,0.159300,27.159529,15.374469,6.447362,0.098650,0.016200,0.001875,0.127075,0.750050,0.241925,0.751925
300,1000,187298.7638,8951291.8997,0.262783,131.025070,17.792263,122.719101,16.003843,108.122398,17.142891,9.078318,0.385283,0.097696,0.731732,0.221350,27.852488,16.525421,6.653715,0.097250,0.019700,0.002425,0.142075,0.732650,0.259025,0.735075
300,1100,187348.7638,8951291.8997,0.300231,133.470596,17.998295,125.497726,16.279583,112.176804,16.099276,10.184127,0.354166,0.089627,0.702622,0.252225,24.594923,16.303734,6.396110,0.103075,0.029350,0.003975,0.174800,0.682850,0.307225,0.686825
300,1200,187398.7638,8951291.8997,0.136778,137.364655,24.287731,129.361069,22.017195,116.141777,18.418383,9.448775,0.396078,0.078939,0.846223,0.229675,20.975342,14.178534,5.728163,0.083075,0.033925,0.004425,0.266225,0.608675,0.383225,0.613100
300,1300,187448.7638,8951291.8997,0.171603,148.479919,27.752621,139.577820,25.327999,123.034752,20.223486,7.501134,0.500909,0.113565,0.907053,0.148875,19.248003,13.231834,5.148714,0.042750,0.019000,0.001800,0.490725,0.444750,0.552475,0.446550
300,1400,187498.7638,8951291.8997,0.165425,146.702820,28.490511,138.821823,25.509958,122.992447,20.432533,9.082547,0.473956,0.103859,0.890381,0.156675,18.774315,12.756668,4.927081,0.024325,0.024650,0.003200,0.459225,0.484850,0.508200,0.488050
300,1500,187548.7638,8951291.8997,0.241939,136.838303,32.059258,129.844971,29.383350,116.046448,27.478354,15.796967,0.370606,0.066371,0.856616,0.227500,19.985918,12.970539,5.099539,0.074050,0.047175,0.008925,0.251625,0.604025,0.372850,0.612950
300,1600,187598.7638,8951291.8997,0.812564,133.619232,37.028786,125.190575,32.892254,111.470154,31.536057,22.660961,0.322877,0.055603,0.838351,0.270875,19.565016,13.402635,5.392806,0.188650,0.052275,0.011200,0.181225,0.550025,0.422150,0.561225
300,1700,187648.7638,8951291.8997,0.946406,131.316101,40.322098,121.971947,36.288807,109.777672,35.084953,26.915089,0.310564,0.051181,0.839712,0.275275,17.165127,12.413514,5.265601,0.283275,0.058050,0.014200,0.146450,0.475075,0.487775,0.489275
300,1800,187698.7638,8951291.8997,0.883088,134.643402,41.909824,124.898201,38.110630,111.750252,36.729023,27.879673,0.307482,0.049738,0.849102,0.283250,16.977760,12.108397,5.224998,0.276875,0.064250,0.016025,0.163150,0.447075,0.504275,0.463100
400,0,186798.7638,8951241.8997,0.489821,117.471603,31.311138,119.758247,26.794481,99.821724,26.827456,13.784555,0.325289,0.062314,0.855851,0.300425,-196.052948,1453.152344,29.850885,0.022300,0.035775,0.007625,0.093550,0.827175,0.151625,0.834800
400,100,186848.7638,8951241.8997,0.495277,123.174873,31.014786,123.966927,25.467686,102.722672,27.052986,14.569600,0.318660,0.062685,0.838142,0.303900,21.192923,13.562148,4.686095,0.026300,0.030850,0.007325,0.116150,0.803700,0.173300,0.811025
400,200,186898.7638,8951241.8997,0.472032,121.609772,30.818693,122.171051,24.516985,101.082176,27.373222,12.559829,0.333877,0.065107,0.856073,0.291300,22.147755,13.684043,5.109337,0.021625,0.032400,0.012300,0.101925,0.819750,0.155950,0.832050
400,300,186948.7638,8951241.8997,0.394693,122.443153,28.959520,122.690552,23.541557,99.360779,27.343262,10.499737,0.352441,0.069460,0.868611,0.273625,24.039557,13.021966,5.639555,0.027600,0.023550,0.011725,0.096300,0.829075,0.147450,0.840800
400,400,186998.7638,8951241.8997,0.148027,134.228531,25.754869,129.147232,22.390133,109.602272,26.430233,9.452168,0.363669,0.075548,0.864073,0.265175,27.365469,13.627862,6.032565,0.050975,0.015250,0.006075,0.192150,0.715850,0.258375,0.721925
400,500,187048.7638,8951241.8997,0.223556,139.182281,26.734095,131.310699,24.374403,115.874298,25.777832,10.015058,0.353438,0.069693,0.872926,0.282750,30.001732,14.485350,6.532367,0.088475,0.014725,0.003625,0.267225,0.594875,0.370425,0.598500
400,600,187098.7638,8951241.8997,0.337554,137.002319,26.860565,128.730225,24.880993,113.169250,26.163721,12.183698,0.332890,0.066402,0.849813,0.301225,29.277788,15.014455,6.853622,0.144750,0.016475,0.004700,0.229275,0.571175,0.390500,0.575875
400,700,187148.7638,8951241.8997,0.215782,134.196594,20.313250,124.800301,19.729597,109.917328,20.660372,9.371997,0.376969,0.088272,0.810766,0.225650,27.449537,15.247496,6.854518,0.179425,0.014075,0.004475,0.176825,0.605475,0.370325,0.609950
400,800,187198.7638,8951241.8997,0.183834,131.335297,16.452971,121.512497,16.726896,108.194023,16.364311,5.567168,0.443260,0.120267,0.837721,0.129175,27.420912,16.225277,6.918451,0.155100,0.018700,0.004075,0.135600,0.674550,0.309400,0.678625
400,900,187248.7638,8951241.8997,0.258246,126.124275,18.460140,118.487076,17.355928,107.188774,17.688467,7.352087,0.417684,0.106611,0.807967,0.184700,27.539709,16.376156,7.214402,0.110300,0.050375,0.010475,0.079275,0.740800,0.239950,0.751275
400,1000,187298.7638,8951241.8997,0.330835,126.466026,20.515236,119.911972,18.252834,106.383575,19.928703,9.343784,0.369192,0.082954,0.788727,0.252750,24.900852,15.433349,6.775818,0.101700,0.041375,0.008450,0.103525,0.738375,0.246600,0.746825
400,1100,187348.7638,8951241.8997,0.276678,131.199249,20.775434,123.497673,18.061079,107.021278,20.894983,9.319598,0.356567,0.085111,0.793133,0.253975,19.777473,13.919463,5.672864,0.133375,0.009675,0.001400,0.167950,0.681475,0.311000,0.682875
400,1200,187398.7638,8951241.8997,0.310306,131.418427,23.782804,123.978722,20.185719,108.170349,22.654518,9.994823,0.347357,0.079490,0.824206,0.272650,17.665943,12.689642,5.080890,0.154925,0.014075,0.001750,0.184650,0.639550,0.353650,0.641300
400,1300,187448.7638,8951241.8997,0.168091,132.031754,24.163116,124.686226,21.016924,110.440453,21.293247,8.877572,0.387944,0.082706,0.850410,0.223700,17.392530,12.625043,4.740093,0.107725,0.022825,0.001825,0.195375,0.669325,0.325925,0.671150
400,1400,187498.7638,8951241.8997,0.123155,131.969421,19.792892,124.412453,18.354160,111.336601,16.827446,6.836291,0.438408,0.098652,0.840104,0.146925,17.319662,12.640429,4.503365,0.044825,0.026275,0.002625,0.167550,0.756650,0.238650,0.759275
400,1500,187548.7638,8951241.8997,0.143758,131.110352,21.843035,123.105049,20.334780,109.223427,19.645586,7.426080,0.443160,0.102619,0.859542,0.143925,17.374258,12.297759,4.532389,0.051675,0.025150,0.003625,0.143725,0.770125,0.220550,0.773750
400,1600,187598.7638,8951241.8997,0.183404,132.015671,26.349167,122.720947,23.965155,107.199478,22.957941,10.199302,0.419819,0.097866,0.862171,0.170900,15.777804,11.116521,4.461444,0.102425,0.017925,0.003175,0.155500,0.712375,0.275850,0.715550
400,1700,187648.7638,8951241.8997,0.744976,131.245728,35.044060,121.118752,32.727505,107.289703,31.025568,21.128126,0.364193,0.068979,0.842181,0.220250,16.946474,11.484586,5.001332,0.242225,0.034525,0.007275,0.159075,0.536525,0.435825,0.543800
400,1800,187698.7638,8951241.8997,0.952538,128.292419,40.779728,120.188927,37.020851,107.503151,35.433334,26.420897,0.319256,0.052587,0.849599,0.276700,20.304190,13.440807,5.847191,0.270825,0.057600,0.013725,0.155825,0.476550,0.484250,0.490275
500,0,186798.7638,8951191.8997,0.367979,120.415321,29.757748,121.884354,25.511194,101.202950,26.322472,12.282728,0.361982,0.070926,0.859718,0.252825,-241.606049,1598.170166,29.951300,0.013525,0.029325,0.005425,0.078875,0.860475,0.121725,0.865900
500,100,186848.7638,8951191.8997,0.417638,121.969124,32.566223,124.908546,26.838070,101.220749,28.985270,13.389001,0.356652,0.065295,0.867059,0.268850,17.271023,12.207730,4.173821,0.019375,0.031975,0.008925,0.097875,0.825150,0.149225,0.834075
500,200,186898.7638,8951191.8997,0.467859,118.344948,29.931358,122.914146,23.888077,98.052872,26.018444,12.739851,0.335054,0.065410,0.842874,0.289725,14.888822,11.143770,4.085520,0.014175,0.031075,0.014375,0.068975,0.861425,0.114225,0.875800
500,300,186948.7638,8951191.8997,0.427804,118.918877,27.413815,123.845123,22.891521,96.654251,24.889521,12.439294,0.337649,0.070424,0.826694,0.289600,19.327404,12.796401,5.165550,0.005375,0.027075,0.013700,0.040300,0.904200,0.072750,0.917900
500,400,186998.7638,8951191.8997,0.287426,126.750801,27.550238,126.907547,23.030313,103.130501,26.530359,11.480571,0.351300,0.070586,0.844687,0.273900,25.293278,13.895164,6.387546,0.018750,0.020150,0.008325,0.107250,0.827750,0.146150,0.836075
500,500,187048.7638,8951191.8997,0.154789,135.081131,26.838316,129.639832,22.784504,112.912003,24.980034,10.029085,0.361978,0.072053,0.860358,0.266825,28.620338,14.357992,6.895463,0.072925,0.017375,0.004925,0.214125,0.666525,0.304425,0.671450
500,600,187098.7638,8951191.8997,0.284351,139.425293,23.270176,130.548828,21.840553,114.946548,22.915585,12.215808,0.340490,0.074691,0.801786,0.287025,27.712681,14.801619,6.817680,0.174700,0.010475,0.002950,0.233325,0.548700,0.418500,0.551650
500,700,187148.7638,8951191.8997,0.375742,135.430801,21.337433,125.325424,20.546896,110.344376,20.914953,12.261455,0.340398,0.084751,0.771180,0.266475,27.048149,14.909410,6.852496,0.249350,0.008575,0.001975,0.183350,0.532700,0.441275,0.534675
500,800,187198.7638,8951191.8997,0.289745,129.123947,18.528872,120.081276,18.050816,107.839050,18.084919,8.354728,0.390091,0.104904,0.794171,0.201525,28.749231,15.941005,7.209816,0.198700,0.039650,0.009875,0.104875,0.633925,0.343225,0.643800
500,900,187248.7638,8951191.8997,0.301930,124.828850,17.513973,117.495926,17.029522,106.960602,17.626089,7.373014,0.413286,0.108012,0.794476,0.186000,28.602150,16.354830,7.362589,0.136600,0.065400,0.016350,0.049625,0.724175,0.251625,0.740525
500,1000,187298.7638,8951191.8997,0.302339,126.576653,21.381575,119.725700,19.459131,105.472221,21.364023,8.731956,0.388668,0.089456,0.824642,0.226075,25.229389,14.999932,6.816463,0.144075,0.039925,0.009300,0.085250,0.708275,0.269250,0.717575
500,1100,187348.7638,8951191.8997,0.269411,129.371582,23.229101,122.192047,20.594458,105.155525,23.595518,9.166620,0.368534,0.083827,0.841609,0.236950,20.642012,13.908724,5.835235,0.137300,0.015350,0.003275,0.129000,0.699225,0.281650,0.702500
500,1200,187398.7638,8951191.8997,0.337428,128.622269,26.947653,122.125603,23.067183,104.296974,26.093039,10.102556,0.356195,0.077756,0.863218,0.250725,18.586384,13.634961,5.121628,0.128900,0.010600,0.002050,0.148700,0.695850,0.288200,0.697900
500,1300,187448.7638,8951191.8997,0.218864,131.385101,26.578930,124.121300,23.054497,107.341248,25.454912,9.414700,0.383374,0.082479,0.870864,0.238725,17.680996,13.206241,4.696189,0.128850,0.017125,0.002450,0.157925,0.676825,0.303900,0.679275
500,1400,187498.7638,8951191.8997,0.161861,130.971893,17.951668,121.887672,17.249601,107.777100,17.121679,5.814766,0.462194,0.118189,0.845934,0.138750,18.857046,13.766309,4.628080,0.086825,0.014450,0.001850,0.113775,0.773125,0.215050,0.774975
500,1500,187548.7638,8951191.8997,0.211612,126.381500,13.094153,117.355652,12.750349,102.280373,12.363842,4.286263,0.498102,0.139408,0.790020,0.079975,18.308140,13.596819,4.592851,0.050650,0.004175,0.000375,0.072050,0.870550,0.126875,0.870925
500,1600,187598.7638,8951191.8997,0.199651,130.629227,25.190010,121.478104,23.556475,105.857750,23.881491,8.050304,0.472608,0.120827,0.886734,0.105750,16.223494,12.171696,4.517150,0.075450,0.028400,0.009625,0.099400,0.780725,0.203250,0.790350
500,1700,187648.7638,8951191.8997,0.547914,134.444824,36.164627,123.869476,34.088985,110.426003,31.889690,19.234308,0.397824,0.071331,0.866870,0.203200,18.924147,12.264027,5.404617,0.232075,0.050250,0.014425,0.183275,0.506800,0.465600,0.521225
500,1800,187698.7638,8951191.8997,0.809879,130.685120,40.986519,120.940002,37.302441,109.179176,33.628605,23.794283,0.360687,0.057236,0.864761,0.253575,23.574923,14.180866,6.471335,0.306225,0.053900,0.014400,0.218850,0.395125,0.578975,0.409525
600,0,186798.7638,8951141.8997,0.242741,125.107353,22.929157,121.394524,19.794254,105.776772,21.114384,10.458572,0.391476,0.102186,0.802512,0.173350,-293.168579,1728.800415,29.015823,0.023250,0.026900,0.003600,0.070100,0.865775,0.120250,0.869375
600,100,186848.7638,8951141.8997,0.243379,126.190926,27.003860,123.721451,22.771381,105.344826,24.887152,12.094228,0.382629,0.085991,0.830319,0.204600,15.063951,10.041383,3.914343,0.046700,0.031400,0.006600,0.094650,0.805375,0.172750,0.811975
600,200,186898.7638,8951141.8997,0.455471,119.975723,30.558096,123.543777,24.398310,98.910774,26.901089,14.111588,0.339134,0.069706,0.832700,0.268450,14.145644,9.467301,3.935037,0.045900,0.020900,0.005550,0.071675,0.846125,0.138475,0.851675
600,300,186948.7638,8951141.8997,0.550986,113.663177,29.720329,122.551971,25.536100,91.409676,25.129028,16.510931,0.301610,0.061764,0.807290,0.320450,17.971407,11.987031,4.953431,0.014275,0.014300,0.004225,0.023175,0.937500,0.051750,0.941725
600,400,186998.7638,8951141.8997,0.540779,114.350021,28.191502,122.283752,24.613474,91.415154,22.584038,17.392534,0.299052,0.061124,0.774651,0.324275,23.588499,13.551373,6.192461,0.003175,0.009725,0.004425,0.038400,0.936025,0.051300,0.940450
600,500,187048.7638,8951141.8997,0.513653,115.041801,29.274925,120.681801,23.520935,95.559479,23.799803,15.142360,0.328129,0.065042,0.800527,0.292950,24.832747,13.763355,6.486200,0.029900,0.009775,0.003625,0.068750,0.878000,0.108425,0.881625
600,600,187098.7638,8951141.8997,0.335991,131.517944,30.905216,129.041031,24.709318,109.576775,27.535112,14.319854,0.331768,0.068183,0.836344,0.288375,22.683880,14.209651,6.152443,0.116175,0.019650,0.005100,0.160675,0.659600,0.296500,0.664700
600,700,187148.7638,8951141.8997,0.345016,138.950882,24.888958,130.033218,23.679375,114.930252,24.260315,14.352519,0.327184,0.073860,0.800290,0.289175,23.875927,15.066839,6.278482,0.196000,0.025625,0.004800,0.189900,0.540675,0.411525,0.545475
600,800,187198.7638,8951141.8997,0.316544,133.210648,21.155832,124.705727,20.594019,111.675629,21.128340,12.130104,0.354834,0.086082,0.772892,0.254400,27.218868,15.568235,6.641911,0.171150,0.054225,0.012675,0.110750,0.628200,0.336125,0.640875
600,900,187248.7638,8951141.8997,0.280029,129.406830,21.850428,122.656822,20.140713,109.106651,21.606779,10.572606,0.376218,0.091128,0.798085,0.223050,27.192987,16.128447,6.410081,0.144650,0.057125,0.014625,0.076075,0.689950,0.277850,0.704575
600,1000,187298.7638,8951141.8997,0.357557,126.515121,26.771748,122.608574,22.441196,104.397499,24.844128,11.838054,0.355493,0.078091,0.828434,0.247900,25.794479,15.777711,6.390608,0.137575,0.028575,0.007150,0.101825,0.707550,0.267975,0.714700
600,1100,187348.7638,8951141.8997,0.553340,122.948174,30.588789,122.180023,25.000757,101.787453,27.047634,16.702618,0.322520,0.066355,0.808170,0.271100,23.546549,14.548022,6.177058,0.087800,0.028850,0.007050,0.099850,0.757350,0.216500,0.764400
600,1200,187398.7638,8951141.8997,0.566618,119.671799,31.531517,119.815102,26.241800,98.522453,27.314085,16.588717,0.323444,0.065647,0.823576,0.276300,20.064032,13.655955,5.412500,0.049725,0.019925,0.004650,0.092175,0.816900,0.161825,0.821550
600,1300,187448.7638,8951141.8997,0.474208,125.908928,31.477251,122.934128,26.727701,102.403099,28.718500,13.085413,0.338009,0.066277,0.866450,0.287350,17.154875,13.152712,4.637786,0.070525,0.016625,0.004500,0.133750,0.750750,0.220900,0.755250
600,1400,187498.7638,8951141.8997,0.214799,129.402756,23.236387,122.102654,21.019600,105.650703,22.036594,9.460635,0.394327,0.093144,0.837368,0.218825,20.066519,16.002817,4.656577,0.088625,0.013800,0.003550,0.126725,0.751800,0.229150,0.755350
600,1500,187548.7638,8951141.8997,0.163559,131.228943,21.380514,122.462799,19.863129,106.138649,19.631094,7.702774,0.431356,0.108716,0.847711,0.159400,23.520470,17.246960,5.096077,0.072425,0.009475,0.002625,0.134275,0.768400,0.216175,0.771025
600,1600,187598.7638,8951141.8997,0.255241,138.994705,35.461830,129.966568,32.632324,113.921898,32.368126,13.826191,0.402986,0.075548,0.899562,0.195150,21.636948,15.828496,5.136270,0.114425,0.040350,0.014000,0.204400,0.593550,0.359175,0.607550
600,1700,187648.7638,8951141.8997,0.577147,141.042694,42.319794,130.832703,38.777878,117.142578,36.502209,20.697971,0.367842,0.055726,0.891811,0.248500,21.632299,14.138989,5.623618,0.234600,0.059950,0.019775,0.254250,0.401725,0.548800,0.421500
600,1800,187698.7638,8951141.8997,0.696367,138.192856,41.170086,126.103653,38.224785,115.429878,33.984756,24.048031,0.366999,0.057829,0.867798,0.247900,25.984015,15.206609,6.250294,0.347925,0.062850,0.020800,0.243875,0.311250,0.654650,0.332050
700,0,186798.7638,8951091.8997,0.313470,128.668900,14.995437,121.685303,14.515161,107.429703,13.332179,10.526906,0.362656,0.114990,0.595254,0.169525,-340.979858,1849.536377,28.881102,0.021950,0.011350,0.001275,0.090525,0.868850,0.123825,0.870125
700,100,186848.7638,8951091.8997,0.261243,131.385971,18.713675,123.537453,18.143707,109.274200,17.212511,11.391432,0.366590,0.103666,0.723103,0.184375,13.720273,9.613847,3.631778,0.059100,0.018600,0.002325,0.117400,0.792375,0.195100,0.794700
700,200,186898.7638,8951091.8997,0.345575,127.110252,29.140421,124.546600,24.499092,105.178673,26.937214,14.274675,0.343881,0.077616,0.827906,0.245625,14.586414,9.568840,3.925059,0.072975,0.021550,0.002800,0.096125,0.794800,0.190650,0.797600
700,300,186948.7638,8951091.8997,0.453426,124.391228,31.641735,127.153198,26.113569,100.281822,29.037464,15.527484,0.322566,0.062713,0.837353,0.286400,18.360594,11.460352,4.877485,0.032750,0.021875,0.008375,0.079275,0.844725,0.133900,0.853100
700,400,186998.7638,8951091.8997,0.423685,120.747704,30.505251,126.476227,24.938839,96.123375,24.812305,15.633790,0.332621,0.063589,0.815512,0.264325,21.682154,12.892449,5.530188,0.010825,0.014475,0.009975,0.074900,0.879075,0.100200,0.889050
700,500,187048.7638,8951091.8997,0.536857,108.690651,28.315531,120.213173,25.128424,87.631424,19.812872,18.077099,0.314237,0.061600,0.768481,0.285350,21.852440,13.519816,5.611491,0.004775,0.004375,0.003900,0.021800,0.961175,0.030950,0.965075
700,600,187098.7638,8951091.8997,0.539482,120.241676,33.440208,125.904251,27.219486,98.783051,28.688377,16.701006,0.311584,0.059300,0.838158,0.303600,21.261257,14.325134,5.521279,0.032775,0.020675,0.006225,0.088325,0.824600,0.141775,0.830825
700,700,187148.7638,8951091.8997,0.223915,127.362572,31.194138,124.384247,27.059288,108.636375,26.112631,11.630867,0.413139,0.101255,0.879568,0.239800,24.089960,15.727338,6.065652,0.072700,0.027700,0.006450,0.125900,0.734800,0.226300,0.741250
700,800,187198.7638,8951091.8997,0.258489,122.479874,26.279856,119.285751,23.303467,105.588623,20.726728,9.773835,0.459131,0.126170,0.856812,0.199550,27.652393,15.577961,6.638927,0.074150,0.027875,0.006100,0.072350,0.802500,0.174375,0.808600
700,900,187248.7638,8951091.8997,0.433661,120.483871,28.405151,120.999275,23.403494,100.869652,24.332655,13.878214,0.360682,0.075360,0.812472,0.255925,28.155390,16.552580,6.427838,0.067525,0.031225,0.008900,0.060025,0.816600,0.158775,0.825500
700,1000,187298.7638,8951091.8997,0.561092,117.088371,31.121288,121.331451,24.877632,95.393822,25.952440,15.831970,0.309941,0.061948,0.816547,0.298175,28.644697,17.690685,6.608869,0.040025,0.019550,0.006850,0.071000,0.851100,0.130575,0.857950
700,1100,187348.7638,8951091.8997,0.645570,114.890724,33.415318,120.509071,27.812078,93.621323,28.056456,20.460655,0.287450,0.054848,0.805338,0.317950,26.244810,16.086264,6.551014,0.014225,0.024775,0.007200,0.066775,0.871450,0.105775,0.878650
700,1200,187398.7638,8951091.8997,0.648156,115.767273,32.530769,119.477173,27.497520,94.106071,27.444105,20.080744,0.288108,0.056776,0.801441,0.321350,21.014643,13.590378,5.791236,0.018275,0.023675,0.006550,0.075500,0.860175,0.117450,0.866725
700,1300,187448.7638,8951091.8997,0.549816,121.899223,30.292244,121.258049,26.018372,97.406776,26.820688,14.272652,0.313315,0.061275,0.841646,0.314725,18.188238,12.875696,5.117786,0.041075,0.014750,0.004475,0.113850,0.809050,0.169675,0.813525
700,1400,187498.7638,8951091.8997,0.379275,127.978928,27.100079,122.835899,23.717443,102.979622,24.546791,12.686353,0.340761,0.071997,0.830028,0.283100,21.943209,16.354885,5.181397,0.061025,0.015175,0.003425,0.154675,0.754075,0.230875,0.757500
700,1500,187548.7638,8951091.8997,0.305727,133.976349,31.147131,126.605225,28.686596,109.894875,28.259478,16.694134,0.354566,0.066914,0.842280,0.253825,28.451263,18.287741,5.724264,0.083075,0.032975,0.006775,0.207325,0.655625,0.323375,0.662400
700,1600,187598.7638,8951091.8997,0.673652,134.014420,39.820614,127.664726,35.679085,111.568901,35.043030,22.026363,0.333614,0.051568,0.867555,0.273750,29.304113,16.914013,6.079755,0.129800,0.047550,0.014850,0.215125,0.561250,0.392475,0.576100
700,1700,187648.7638,8951091.8997,0.897120,126.908951,42.147362,121.686272,36.164246,107.009850,34.667545,22.837297,0.318500,0.051911,0.867903,0.287350,28.679050,15.940961,6.168667,0.197800,0.044575,0.017525,0.151425,0.563300,0.393800,0.580825
700,1800,187698.7638,8951091.8997,0.950993,128.537674,40.646812,119.710197,36.857822,110.315247,34.727509,26.356274,0.322992,0.054881,0.846609,0.277100,29.498699,16.906355,6.108153,0.341000,0.073450,0.023550,0.119625,0.428900,0.534075,0.452450
800,0,186798.7638,8951041.8997,0.373186,130.577072,16.718418,123.880753,16.452370,105.252625,14.586448,14.254222,0.307164,0.096956,0.566492,0.240125,-388.320251,1963.070923,28.711115,0.013075,0.004225,0.000550,0.092175,0.886800,0.109475,0.887350
800,100,186848.7638,8951041.8997,0.329594,132.821243,17.850735,125.047096,17.683216,108.064850,16.347528,12.904281,0.326858,0.098043,0.662562,0.216500,14.542242,11.090193,3.828016,0.046200,0.008400,0.001125,0.128925,0.808250,0.183525,0.809375
800,200,186898.7638,8951041.8997,0.308295,127.522675,26.551262,123.143799,22.884295,103.869576,23.682947,13.220581,0.346598,0.081912,0.812991,0.223900,18.706457,13.498016,4.811446,0.058350,0.010150,0.001325,0.106475,0.811550,0.174975,0.812875
800,300,186948.7638,8951041.8997,0.217542,129.173904,30.198910,128.174683,25.515337,103.420822,26.953321,12.554022,0.370395,0.071278,0.859940,0.221450,22.207361,14.240707,5.721102,0.029825,0.015000,0.006700,0.113675,0.821650,0.158500,0.828350
800,400,186998.7638,8951041.8997,0.213687,127.509949,31.847567,129.650406,25.207834,101.397400,27.125647,12.221087,0.376335,0.071585,0.866129,0.211925,23.817915,14.276918,6.073852,0.016450,0.013875,0.008950,0.130200,0.818400,0.160525,0.827350
800,500,187048.7638,8951041.8997,0.519403,115.408051,31.451403,123.686623,27.232189,90.215622,23.881382,18.343836,0.318632,0.059190,0.807297,0.277700,24.261103,14.800627,6.119418,0.007225,0.005675,0.003525,0.051125,0.924675,0.064025,0.928200
800,600,187098.7638,8951041.8997,0.502690,119.366974,30.034956,124.723251,26.234447,92.519226,23.276585,17.965446,0.309154,0.063450,0.794163,0.298775,25.105503,15.347787,6.249666,0.007550,0.009375,0.003000,0.051350,0.921475,0.068275,0.924475
800,700,187148.7638,8951041.8997,0.302675,122.910172,33.839581,122.089378,28.916718,100.365723,26.643875,12.116966,0.425666,0.115562,0.889489,0.221750,28.095394,15.546984,6.814827,0.022975,0.013825,0.003150,0.103500,0.846200,0.140300,0.849350
800,800,187198.7638,8951041.8997,0.293796,120.613777,32.939278,119.423775,29.138847,101.567650,26.016016,10.580507,0.478476,0.143051,0.901948,0.182225,30.285187,15.622669,7.138654,0.023825,0.019275,0.003550,0.079000,0.862875,0.122100,0.866425
800,900,187248.7638,8951041.8997,0.413164,121.833176,31.151852,122.550377,26.679852,101.296799,27.245676,14.322233,0.367718,0.074283,0.848792,0.258000,29.812176,17.163054,6.740769,0.038000,0.031775,0.008375,0.071475,0.831025,0.141250,0.839400
800,1000,187298.7638,8951041.8997,0.596743,127.014923,35.117451,128.194382,29.433338,105.891022,33.433228,17.294426,0.298551,0.056858,0.857337,0.312000,27.054544,18.951973,6.127536,0.044650,0.063900,0.023825,0.083475,0.742975,0.192025,0.766800
800,1100,187348.7638,8951041.8997,0.599436,128.431824,34.467213,128.021027,30.001154,106.734901,33.781021,17.179457,0.299384,0.057029,0.859688,0.309750,23.023039,17.926775,5.539903,0.044225,0.074900,0.029325,0.080275,0.727950,0.199400,0.757275
800,1200,187398.7638,8951041.8997,0.535797,127.497902,28.846910,124.678276,25.360550,105.408302,27.741911,14.961579,0.311306,0.064858,0.824731,0.299325,18.878376,14.777448,4.829680,0.071125,0.065000,0.020275,0.098825,0.722000,0.234950,0.742275
800,1300,187448.7638,8951041.8997,0.543851,128.246719,29.375257,124.783852,26.623577,104.070824,28.412643,14.265507,0.313382,0.061848,0.844428,0.309325,17.409557,13.444216,4.459180,0.083625,0.047350,0.010850,0.113950,0.716900,0.244925,0.727750
800,1400,187498.7638,8951041.8997,0.585137,133.709427,34.190067,128.678223,31.750147,109.332451,32.410542,18.044447,0.311222,0.054354,0.860309,0.309275,21.502857,15.087400,4.892302,0.092600,0.039675,0.015800,0.179925,0.635200,0.312200,0.651000
800,1500,187548.7638,8951041.8997,0.663481,138.233231,37.924023,131.119232,36.917946,117.205597,35.691742,25.836193,0.319382,0.049543,0.846534,0.282575,28.053488,16.624084,5.572606,0.149275,0.073825,0.038450,0.190300,0.503375,0.413400,0.541825
800,1600,187598.7638,8951041.8997,0.800609,133.920670,39.397575,127.205978,37.774326,114.423073,36.868744,25.941214,0.329687,0.051026,0.853514,0.277225,29.918694,16.081768,6.227079,0.194325,0.072325,0.038650,0.127675,0.507500,0.394325,0.546150
800,1700,187648.7638,8951041.8997,0.898647,125.314629,39.650803,120.373573,35.846684,107.908974,34.268372,21.277729,0.333704,0.055573,0.870086,0.274625,29.212675,15.638516,6.389616,0.217175,0.048175,0.024250,0.080200,0.562600,0.345550,0.586850
800,1800,187698.7638,8951041.8997,0.886145,128.446945,40.925323,121.408852,37.993130,112.553497,35.706627,23.118626,0.339552,0.055275,0.871725,0.262050,28.279438,16.779039,6.084710,0.308475,0.074750,0.027700,0.109775,0.433500,0.493000,0.461200
900,0,186798.7638,8950991.8997,0.287798,133.151001,19.792572,127.198151,18.723173,105.285248,18.353102,14.306452,0.330377,0.101410,0.681570,0.215300,-434.108398,2069.644775,28.769403,0.009375,0.002800,0.000425,0.089500,0.882500,0.101675,0.882925
900,100,186848.7638,8950991.8997,0.230450,134.405823,19.901957,127.975174,18.669037,107.050423,18.982010,12.622506,0.352625,0.110980,0.719369,0.175975,16.821173,11.755061,4.436020,0.022775,0.002900,0.000575,0.116350,0.837025,0.142025,0.837600
900,200,186898.7638,8950991.8997,0.290580,125.689926,24.764627,123.166023,20.933281,98.826973,21.886538,12.178607,0.362157,0.093215,0.796789,0.206125,20.555504,14.073651,5.416628,0.025750,0.004550,0.000475,0.085375,0.871450,0.115675,0.871925
900,300,186948.7638,8950991.8997,0.372530,121.324524,27.981636,123.980278,24.074280,92.953796,23.258297,12.944964,0.359314,0.070851,0.831451,0.241350,24.910330,15.510955,6.381034,0.011825,0.003625,0.000275,0.057725,0.918900,0.073175,0.919175
900,400,186998.7638,8950991.8997,0.411161,119.442924,29.708525,124.843575,24.836956,90.595222,23.468161,15.130857,0.351169,0.066168,0.817846,0.245250,28.906656,15.401394,7.115806,0.006400,0.002475,0.000325,0.065200,0.920525,0.074075,0.920850
900,500,187048.7638,8950991.8997,0.460441,115.894699,29.197546,121.447624,26.154682,87.273376,21.919163,16.611834,0.357842,0.070872,0.804613,0.253275,29.117867,16.229847,7.030481,0.002750,0.003450,0.000375,0.034725,0.953900,0.040925,0.954275
900,600,187098.7638,8950991.8997,0.394835,122.601852,28.662056,123.160698,26.194849,91.588974,22.562916,15.969217,0.373175,0.080116,0.811355,0.258975,27.235903,16.276463,6.739054,0.009725,0.005325,0.000250,0.044725,0.936475,0.059775,0.936725
900,700,187148.7638,8950991.8997,0.309260,133.147842,33.307449,127.797874,28.845442,102.369476,29.094137,16.005417,0.361338,0.073784,0.856626,0.257300,27.274893,15.765327,7.005187,0.079425,0.010925,0.000900,0.148025,0.749950,0.238375,0.750850
900,800,187198.7638,8950991.8997,0.150882,135.714951,31.607758,128.349350,28.325319,109.405197,28.528332,14.036578,0.373766,0.077176,0.867013,0.228200,27.580128,16.474888,7.203098,0.114475,0.024925,0.005175,0.161100,0.675200,0.300500,0.680375
900,900,187248.7638,8950991.8997,0.194149,131.110504,27.467691,125.337852,25.402285,107.963127,26.894800,12.096295,0.368782,0.079588,0.856101,0.239425,24.053850,17.275150,6.143042,0.082675,0.035925,0.009425,0.112000,0.735975,0.230600,0.745400
900,1000,187298.7638,8950991.8997,0.468456,131.403900,31.104586,126.681427,29.089565,110.595978,31.853983,14.211845,0.326001,0.066303,0.872180,0.280875,18.007393,16.909092,4.449677,0.060650,0.076725,0.032025,0.092500,0.694950,0.229875,0.726975
900,1100,187348.7638,8950991.8997,0.477513,132.552032,28.896484,127.580322,27.683208,114.449951,29.814131,13.930434,0.320086,0.066209,0.858765,0.289750,14.808410,15.602645,3.622266,0.055950,0.120575,0.050400,0.074475,0.656025,0.251000,0.706425
900,1200,187398.7638,8950991.8997,0.387123,131.518906,23.656292,125.725998,22.390337,114.217125,23.142622,11.656969,0.336238,0.075496,0.816195,0.282675,13.853131,14.410266,3.258994,0.095925,0.107325,0.032150,0.089350,0.650150,0.292600,0.682300
900,1300,187448.7638,8950991.8997,0.593694,130.736206,32.946072,125.697502,30.696196,110.508377,31.424334,15.551912,0.329837,0.062037,0.870933,0.292725,14.100486,13.953559,3.214680,0.110975,0.064275,0.011725,0.109225,0.652500,0.284475,0.664225
900,1400,187498.7638,8950991.8997,0.597628,137.184357,39.914867,131.181198,37.293907,113.705727,36.757023,20.282442,0.315631,0.049806,0.885323,0.279700,20.267504,15.391477,4.290462,0.119125,0.042725,0.016800,0.224875,0.538875,0.386725,0.555675
900,1500,187548.7638,8950991.8997,0.556435,143.233643,38.306847,134.780197,37.433098,120.810974,35.361118,23.440018,0.318843,0.049666,0.863242,0.257950,26.590485,14.986203,5.552767,0.190100,0.056900,0.042550,0.244025,0.400275,0.491025,0.442825
900,1600,187598.7638,8950991.8997,0.695057,137.445419,37.040874,129.202896,36.529758,117.507698,34.662735,22.329826,0.329219,0.052773,0.862480,0.271175,27.068390,14.517174,6.270480,0.232775,0.057075,0.039450,0.148400,0.442625,0.438250,0.482075
900,1700,187648.7638,8950991.8997,0.888219,131.119202,38.542290,122.534348,36.055786,112.194275,33.704063,21.587378,0.333673,0.054392,0.867331,0.270725,27.859829,15.000731,6.723382,0.286325,0.053300,0.026975,0.105775,0.458550,0.445400,0.485525
900,1800,187698.7638,8950991.8997,0.803846,134.148132,40.539486,123.248375,38.349445,114.980522,35.107174,23.155897,0.353436,0.056326,0.871834,0.249575,28.975550,16.072460,6.763995,0.390150,0.072225,0.032025,0.130025,0.329475,0.592400,0.361500
1000,0,186798.7638,8950941.8997,0.155390,136.159470,24.927942,130.166153,23.001572,107.927574,24.061047,11.999676,0.385800,0.117381,0.828188,0.152975,-477.356415,2170.614746,29.541868,0.014025,0.007325,0.001075,0.105175,0.823800,0.126525,0.824875
1000,100,186848.7638,8950941.8997,0.143171,134.660507,23.157206,129.066528,20.772516,106.046600,22.316349,11.074782,0.392430,0.127170,0.809966,0.140675,19.655970,13.145453,4.982014,0.009350,0.001775,0.000250,0.107700,0.843900,0.118825,0.844150
1000,200,186898.7638,8950941.8997,0.259533,124.901299,23.656538,123.437675,19.588537,95.566948,21.313057,10.347733,0.385411,0.103094,0.806804,0.182325,19.276819,13.450057,5.304599,0.013225,0.002650,0.000400,0.074025,0.898825,0.089900,0.899225
1000,300,186948.7638,8950941.8997,0.351023,120.203278,24.107409,122.659073,20.672890,89.392975,20.296675,10.739198,0.368067,0.083307,0.810311,0.235350,22.250172,15.148059,6.279355,0.012975,0.002250,0.000475,0.049525,0.930075,0.064750,0.930550
1000,400,186998.7638,8950941.8997,0.345824,121.436775,24.838352,124.600250,21.381018,89.345222,20.480444,12.777342,0.368311,0.082153,0.787990,0.228050,28.445213,16.483421,7.360630,0.007550,0.002075,0.000550,0.039475,0.945650,0.049100,0.946200
1000,500,187048.7638,8950941.8997,0.287575,123.315575,25.806700,124.489952,23.181925,91.114899,21.986349,11.556632,0.407589,0.089473,0.830777,0.196225,30.363222,17.230602,7.415061,0.012475,0.005150,0.001150,0.032350,0.941975,0.049975,0.943125
1000,600,187098.7638,8950941.8997,0.261603,125.831726,26.392248,123.308800,24.951496,93.202652,23.985640,11.221947,0.440955,0.101637,0.855260,0.190925,26.632912,16.879034,6.917910,0.024800,0.007900,0.001100,0.046500,0.912600,0.079200,0.913700
1000,700,187148.7638,8950941.8997,0.227446,131.539505,27.969898,126.174927,25.132055,99.418976,27.068474,13.559307,0.392985,0.087213,0.838480,0.219975,25.006617,15.514593,7.182882,0.077475,0.009650,0.001050,0.105975,0.794200,0.193100,0.795250
1000,800,187198.7638,8950941.8997,0.131950,136.309845,23.575975,128.230194,21.520397,108.357498,23.275282,11.556387,0.375081,0.094131,0.809834,0.212125,25.782553,16.377298,7.280177,0.124675,0.013325,0.003275,0.142425,0.698775,0.280425,0.702050
1000,900,187248.7638,8950941.8997,0.169778,131.524475,23.286734,124.521873,21.582233,107.662674,22.988157,10.252522,0.377934,0.092599,0.830863,0.219775,23.662752,16.540241,6.140766,0.087300,0.024150,0.008800,0.115300,0.742925,0.226750,0.751725
1000,1000,187298.7638,8950941.8997,0.408657,129.767151,26.161222,125.786247,25.081442,111.698975,27.657026,12.243036,0.333089,0.070322,0.848465,0.281250,20.847162,17.564960,4.919098,0.034875,0.100000,0.062825,0.066100,0.711525,0.200975,0.774350
1000,1100,187348.7638,8950941.8997,0.422058,130.639694,22.857780,126.967575,22.338917,117.325226,23.645897,11.307391,0.329100,0.071230,0.820103,0.297625,16.221848,16.594364,3.881863,0.023925,0.151625,0.080550,0.052800,0.671400,0.228350,0.751950
1000,1200,187398.7638,8950941.8997,0.289292,135.104843,27.361614,129.539169,25.737495,119.289322,24.395565,12.486610,0.345725,0.073484,0.851437,0.274550,9.656172,11.524059,2.526870,0.062500,0.097975,0.030150,0.114900,0.639900,0.275375,0.670050
1000,1300,187448.7638,8950941.8997,0.549837,133.066895,39.230888,128.464081,36.060787,114.651978,35.610962,17.358349,0.343934,0.057159,0.897003,0.271300,10.157856,12.465963,2.471872,0.087475,0.048525,0.012400,0.128850,0.621900,0.264850,0.634300
1000,1400,187498.7638,8950941.8997,0.679425,131.207657,43.056881,127.240776,38.990437,111.305779,38.411007,21.567404,0.323336,0.049424,0.891014,0.271500,22.315378,18.004999,4.530422,0.088550,0.035450,0.017225,0.177550,0.592450,0.301550,0.609675
1000,1500,187548.7638,8950941.8997,0.565234,139.815552,40.159218,133.103271,37.929733,119.133575,36.651127,23.072247,0.326664,0.050264,0.872816,0.253475,29.144545,15.945815,6.370062,0.146875,0.044875,0.034250,0.208750,0.465775,0.400500,0.500025
1000,1600,187598.7638,8950941.8997,0.713496,134.954102,38.953537,128.437103,37.295025,116.029327,36.199551,22.294821,0.330726,0.052746,0.871563,0.267100,27.249500,14.090236,6.770535,0.191475,0.052650,0.033525,0.138650,0.486500,0.382775,0.520025
1000,1700,187648.7638,8950941.8997,0.933270,129.486069,40.666489,121.833649,37.168362,111.058998,35.936592,24.762859,0.325597,0.053183,0.859112,0.275750,29.931894,15.530881,6.970117,0.263725,0.061175,0.026775,0.087875,0.487625,0.412775,0.514400
1000,1800,187698.7638,8950941.8997,0.768100,136.849243,41.759987,125.078827,39.835941,117.083672,36.556782,25.622187,0.360557,0.057888,0.868493,0.236650,33.375111,17.012608,7.338175,0.389925,0.076825,0.037525,0.116675,0.306700,0.583425,0.344225
1100,0,186798.7638,8950891.8997,0.191149,134.826523,25.918831,127.911346,24.200054,107.242447,24.727222,12.474231,0.385696,0.108154,0.834758,0.180525,-518.377991,2267.918701,30.653313,0.052350,0.012550,0.002625,0.112100,0.773950,0.177000,0.776575
1100,100,186848.7638,8950891.8997,0.149598,133.557724,23.168882,127.736023,20.840170,105.679153,21.864378,10.947509,0.379064,0.117325,0.812602,0.166675,24.975206,14.474245,5.889760,0.010925,0.002200,0.000275,0.118075,0.832925,0.131200,0.833200
1100,200,186898.7638,8950891.8997,0.163920,129.871597,24.528769,126.606224,20.419302,100.782524,23.772118,9.600037,0.403524,0.098454,0.837699,0.157675,22.319729,13.430918,5.942613,0.038100,0.003475,0.000525,0.122275,0.815075,0.163850,0.815600
1100,300,186948.7638,8950891.8997,0.150940,130.073578,25.090160,127.891953,20.128218,98.892876,24.051458,7.625969,0.415576,0.088736,0.871096,0.177050,22.431557,14.210650,6.379796,0.048600,0.002775,0.000575,0.154375,0.787100,0.205750,0.787675
1100,400,186998.7638,8950891.8997,0.192766,128.538620,25.117466,126.412697,21.550432,97.608047,23.514591,9.231906,0.396026,0.089112,0.854078,0.196500,25.599569,15.995229,6.797945,0.045775,0.003575,0.000675,0.119850,0.821775,0.169200,0.822450
1100,500,187048.7638,8950891.8997,0.207309,127.521103,22.453997,124.839226,20.607971,97.201828,22.722916,8.557407,0.420960,0.095619,0.843770,0.168000,27.212797,16.539223,6.862889,0.046550,0.023625,0.001650,0.055450,0.864725,0.125625,0.866375
1100,600,187098.7638,8950891.8997,0.199971,128.326874,22.307812,124.490173,20.492088,96.731773,22.749559,8.010966,0.437536,0.092677,0.853760,0.169675,26.083088,15.601439,6.783420,0.036325,0.023125,0.001525,0.062775,0.869925,0.122225,0.871450
1100,700,187148.7638,8950891.8997,0.201171,129.425598,22.485704,126.572823,20.279282,96.282974,22.490887,9.432240,0.411728,0.090424,0.827494,0.194250,26.184185,15.163974,6.822025,0.023875,0.007475,0.001075,0.061525,0.898950,0.092875,0.900025
1100,800,187198.7638,8950891.8997,0.153411,131.991196,21.276304,128.501968,18.557056,101.183975,22.377565,9.199429,0.410655,0.107034,0.805372,0.170225,24.394957,16.951973,5.950641,0.032975,0.009625,0.002100,0.076500,0.866000,0.119100,0.868100
1100,900,187248.7638,8950891.8997,0.163621,131.505478,22.699739,125.795921,20.207834,105.309402,23.325861,10.463486,0.393061,0.102931,0.810622,0.188225,20.376413,17.335495,4.814213,0.051900,0.019375,0.007450,0.107725,0.789550,0.179000,0.797000
1100,1000,187298.7638,8950891.8997,0.361460,135.049576,26.237984,129.928894,24.511114,115.232574,27.303392,14.196193,0.327188,0.069239,0.819872,0.280100,17.603598,17.647951,4.050064,0.041900,0.102025,0.060150,0.111850,0.655450,0.255775,0.715600
1100,1100,187348.7638,8950891.8997,0.457169,134.033020,26.246305,129.293655,24.371479,117.299576,26.266590,14.821254,0.317762,0.064324,0.808867,0.313225,13.846814,16.037420,3.284643,0.060000,0.125150,0.065075,0.112100,0.617450,0.297250,0.682525
1100,1200,187398.7638,8950891.8997,0.335145,141.863403,33.125519,134.569473,30.723383,120.800201,29.685843,16.737736,0.341196,0.062359,0.862342,0.279000,11.306395,12.496303,2.967632,0.090375,0.058425,0.016900,0.201100,0.551100,0.349900,0.568000
1100,1300,187448.7638,8950891.8997,0.388330,145.672943,40.496655,138.932373,36.570988,123.029427,35.534809,18.557850,0.344987,0.057295,0.894029,0.241800,16.415432,15.381684,3.695998,0.082800,0.033750,0.013300,0.278125,0.464050,0.394675,0.477350
1100,1400,187498.7638,8950891.8997,0.629246,135.169373,42.804718,130.133682,39.085659,116.266098,38.487057,23.391882,0.334853,0.052856,0.882085,0.241725,25.879557,17.750103,5.336003,0.130625,0.043775,0.027325,0.181350,0.500100,0.355750,0.527425
1100,1500,187548.7638,8950891.8997,0.675027,138.000671,42.325851,130.622894,41.545326,120.774178,40.241833,26.970686,0.349876,0.056421,0.873439,0.244975,30.122456,16.957230,6.614165,0.234175,0.069450,0.052975,0.080050,0.409250,0.383675,0.462225
1100,1600,187598.7638,8950891.8997,0.637173,139.431351,41.258469,130.699432,41.596096,121.017052,40.099449,23.941603,0.367065,0.061173,0.885715,0.233300,28.562147,16.656273,6.561428,0.278075,0.071525,0.045050,0.074625,0.373975,0.424225,0.419025
1100,1700,187648.7638,8950891.8997,0.712756,136.535049,42.578510,127.469925,41.363174,117.667625,40.134571,23.786953,0.366331,0.063036,0.887257,0.236750,30.288050,17.589785,6.507589,0.311700,0.069025,0.026050,0.063250,0.391250,0.443975,0.417300
1100,1800,187698.7638,8950891.8997,0.674418,141.133072,42.204102,129.084869,41.486561,121.205826,37.780933,25.490662,0.372374,0.062764,0.877661,0.224025,33.377487,17.555925,6.992355,0.387025,0.071500,0.032800,0.107325,0.280375,0.565850,0.313175
1200,0,186798.7638,8950841.8997,0.336268,132.629456,27.528297,125.348976,25.861973,107.456322,26.819355,17.073055,0.359368,0.083876,0.800312,0.247325,-562.848816,2359.644043,31.057741,0.105900,0.034350,0.007500,0.110500,0.710850,0.250750,0.718350
1200,100,186848.7638,8950841.8997,0.250093,131.627182,20.448774,125.823776,18.443810,105.308350,18.543406,10.942357,0.354723,0.094639,0.756701,0.253750,26.294994,14.482978,6.132378,0.041900,0.002800,0.000325,0.131400,0.805400,0.176100,0.805725
1200,200,186898.7638,8950841.8997,0.184052,128.856598,26.061962,126.055450,21.530596,101.457275,23.912489,10.493111,0.393317,0.086580,0.838167,0.201500,23.395159,13.905279,6.262388,0.066625,0.005100,0.001300,0.142825,0.766875,0.214550,0.768175
1200,300,186948.7638,8950841.8997,0.153999,135.266281,30.205341,131.485519,23.826441,105.066574,27.210169,7.850932,0.434981,0.081471,0.905823,0.178900,24.756659,15.430578,6.532408,0.050300,0.003700,0.001125,0.274350,0.663775,0.328350,0.664900
1200,400,186998.7638,8950841.8997,0.198938,144.888504,34.672718,137.024826,28.389294,111.556877,27.411652,8.390997,0.437219,0.078354,0.925093,0.186100,25.358232,15.755667,6.575722,0.060525,0.002375,0.000225,0.368950,0.560800,0.431850,0.561025
1200,500,187048.7638,8950841.8997,0.136799,137.970230,32.028419,131.708130,26.202009,107.653473,26.018167,8.362977,0.444366,0.080208,0.911775,0.167150,22.985609,14.878866,6.114377,0.056525,0.027500,0.001500,0.232600,0.678275,0.316625,0.679775
1200,600,187098.7638,8950841.8997,0.177580,127.135498,24.114571,124.730598,19.696373,101.661797,22.742746,8.157216,0.427828,0.085285,0.851265,0.180475,23.478432,14.759236,6.087994,0.029825,0.029750,0.001850,0.106725,0.828875,0.166300,0.830725
1200,700,187148.7638,8950841.8997,0.281137,120.505623,24.833614,122.147797,19.752974,94.697372,19.412270,8.455417,0.412008,0.084549,0.844466,0.201750,24.311516,15.301084,5.831697,0.013650,0.006375,0.001000,0.048075,0.928325,0.068100,0.929325
1200,800,187198.7638,8950841.8997,0.264810,124.811447,29.944324,125.606773,24.087633,99.035728,27.782715,10.342214,0.412079,0.081929,0.876237,0.182925,20.280514,16.252287,4.423656,0.040050,0.029050,0.005900,0.049525,0.848650,0.118625,0.854550
1200,900,187248.7638,8950841.8997,0.359643,134.324402,35.922329,128.660797,30.971390,108.772423,33.464764,17.808832,0.368810,0.070874,0.863837,0.212875,17.220816,16.392292,3.821477,0.122800,0.042450,0.007925,0.123650,0.652625,0.288900,0.660550
1200,1000,187298.7638,8950841.8997,0.709753,136.922806,35.794231,128.555222,32.158772,112.020973,32.504295,23.090050,0.317315,0.056609,0.829920,0.281400,14.112750,14.657384,3.569789,0.174350,0.046300,0.011750,0.170750,0.553000,0.391400,0.564750
1200,1100,187348.7638,8950841.8997,0.759612,131.273697,31.762424,124.373550,28.176199,107.288353,29.860161,19.946266,0.314806,0.058679,0.811287,0.303000,11.387619,11.793583,3.281607,0.163050,0.045000,0.011300,0.156975,0.598050,0.365025,0.609350
1200,1200,187398.7638,8950841.8997,0.484802,138.908646,35.301258,131.017853,32.078571,114.536003,32.643047,18.909582,0.337552,0.059127,0.860462,0.279975,15.775410,13.223261,4.266196,0.138950,0.036125,0.005525,0.208575,0.543850,0.383650,0.549375
1200,1300,187448.7638,8950841.8997,0.395447,144.084045,37.777245,136.571793,34.344025,120.035378,34.876343,19.422546,0.346633,0.057162,0.874431,0.240425,21.734709,14.013156,5.236292,0.100650,0.041150,0.007725,0.279700,0.484400,0.421500,0.492125
1200,1400,187498.7638,8950841.8997,0.632227,138.339767,38.327911,130.630569,35.968102,116.766129,36.690029,25.910734,0.340753,0.053864,0.842510,0.235350,23.797991,15.193025,5.698872,0.182500,0.065825,0.018325,0.208675,0.460025,0.457000,0.478350
1200,1500,187548.7638,8950841.8997,0.700100,142.352402,39.784985,130.906357,40.379986,122.194725,38.860584,32.670475,0.361741,0.059713,0.832790,0.245975,24.846535,16.327946,6.101250,0.342400,0.085925,0.037200,0.097775,0.306725,0.526100,0.343925
1200,1600,187598.7638,8950841.8997,0.666892,142.435043,38.696575,130.680771,39.547207,120.664627,38.129837,27.452261,0.368327,0.064368,0.852382,0.240950,25.616812,17.845943,5.943107,0.355700,0.067825,0.029800,0.096550,0.312750,0.520075,0.342550
1200,1700,187648.7638,8950841.8997,0.705814,137.492401,39.189842,127.713654,37.881046,115.318474,37.314888,22.690624,0.359790,0.062062,0.871508,0.241350,28.844337,18.465794,5.919339,0.307775,0.050050,0.014475,0.129000,0.395150,0.486825,0.409625
1200,1800,187698.7638,8950841.8997,0.703859,139.849380,40.256081,128.334900,38.746864,117.346748,36.151657,24.920275,0.355189,0.058527,0.864616,0.240400,30.842175,16.815380,6.347030,0.356050,0.049950,0.014000,0.157500,0.331375,0.563500,0.345375
1300,0,186798.7638,8950791.8997,0.445207,134.499680,30.162228,125.952927,29.626833,110.675972,30.145075,20.772810,0.350117,0.070814,0.809068,0.264775,-611.614197,2446.012939,30.834236,0.173250,0.052850,0.017675,0.115350,0.599975,0.341450,0.617650
1300,100,186848.7638,8950791.8997,0.337804,129.846802,22.379662,124.152748,19.596224,103.091728,19.582518,12.052069,0.344603,0.082487,0.762620,0.288875,23.954710,14.123096,5.797512,0.073575,0.010175,0.001225,0.132175,0.779300,0.215925,0.780525
1300,200,186898.7638,8950791.8997,0.450705,128.060822,31.351767,124.523476,26.623728,101.620827,27.670671,15.813159,0.345085,0.066979,0.835551,0.260600,22.700438,13.966230,6.312779,0.105300,0.022050,0.003200,0.151350,0.707975,0.278700,0.711175
1300,300,186948.7638,8950791.8997,0.260860,135.238205,34.179691,130.859695,28.204393,107.711403,30.112257,13.897442,0.386797,0.067444,0.875711,0.226275,24.577589,15.684459,6.558142,0.068300,0.017525,0.002800,0.283250,0.616675,0.369075,0.619475
1300,400,186998.7638,8950791.8997,0.207675,144.077774,35.874828,138.016922,28.082949,112.075150,27.885971,9.802719,0.428613,0.072629,0.913667,0.206525,24.841915,15.823425,6.528196,0.038775,0.004150,0.000575,0.376275,0.574525,0.419200,0.575100
1300,500,187048.7638,8950791.8997,0.167301,134.360031,35.273800,133.159698,26.357130,103.833626,27.682667,9.199559,0.431870,0.073735,0.911669,0.191825,21.253979,14.424787,6.114119,0.025100,0.009950,0.001425,0.232225,0.727175,0.267275,0.728600
1300,600,187098.7638,8950791.8997,0.263865,119.161201,26.755928,123.441650,20.348448,95.943321,23.722610,8.947606,0.429948,0.085392,0.853983,0.171375,20.124657,14.410355,5.908502,0.031325,0.015725,0.002200,0.077275,0.869050,0.124325,0.871250
1300,700,187148.7638,8950791.8997,0.426718,113.437973,28.288944,118.465797,22.362055,94.451973,23.972151,13.473165,0.394419,0.085770,0.808900,0.208700,20.982075,14.571590,5.825564,0.059375,0.023300,0.003600,0.035250,0.870775,0.117925,0.874375
1300,800,187198.7638,8950791.8997,0.779750,125.587753,38.328751,124.056274,31.694443,105.489098,34.817871,21.593563,0.347372,0.066268,0.844650,0.250775,20.641603,14.443480,5.216163,0.169875,0.063625,0.010325,0.055650,0.655700,0.289150,0.666025
1300,900,187248.7638,8950791.8997,0.737777,142.617081,42.793068,131.805756,39.276756,118.190048,38.952858,29.722271,0.318557,0.053363,0.849177,0.266225,23.337431,15.675092,5.419285,0.322975,0.073550,0.011150,0.123300,0.384450,0.519825,0.395600
1300,1000,187298.7638,8950791.8997,0.728276,144.183594,41.448193,132.049698,39.347721,118.505653,37.225586,31.158024,0.306606,0.050147,0.839111,0.281275,22.059015,15.456766,5.464767,0.331275,0.045100,0.006575,0.166125,0.359675,0.542500,0.366250
1300,1100,187348.7638,8950791.8997,0.812756,135.805679,36.557739,127.365799,33.401939,111.550850,33.672321,24.430010,0.306653,0.053419,0.830821,0.291075,17.089344,12.772960,4.871964,0.231225,0.040150,0.005650,0.156425,0.502700,0.427800,0.508350
1300,1200,187398.7638,8950791.8997,0.724699,136.746475,35.427231,128.711273,32.183964,113.315903,32.631130,23.264332,0.310496,0.054646,0.827717,0.296300,17.455894,12.161490,4.920027,0.186850,0.054275,0.007475,0.178000,0.524150,0.419125,0.531625
1300,1300,187448.7638,8950791.8997,0.614752,140.462677,39.294827,132.322968,36.003784,116.900475,37.081963,24.308208,0.332561,0.054379,0.856158,0.273375,19.189915,13.172375,5.160562,0.172700,0.057475,0.007950,0.181650,0.500250,0.411825,0.508200
1300,1400,187498.7638,8950791.8997,0.638327,142.674606,40.213543,132.784119,38.276257,118.837601,39.805595,27.830450,0.353761,0.057408,0.850095,0.250325,20.850554,14.612218,5.727405,0.244475,0.070325,0.010850,0.146325,0.428025,0.461125,0.438875
1300,1500,187548.7638,8950791.8997,0.591443,149.749649,39.905197,136.444397,40.784332,125.247299,39.228424,32.326260,0.374126,0.065372,0.837432,0.241625,21.163540,14.808876,5.934593,0.346425,0.075700,0.014525,0.130050,0.276850,0.552175,0.291375
1300,1600,187598.7638,8950791.8997,0.601498,146.221573,40.604767,134.338928,40.061993,121.501022,38.619232,27.909409,0.367577,0.063050,0.857492,0.246525,22.618309,15.631553,5.862980,0.310475,0.058100,0.020475,0.136000,0.323925,0.504575,0.344400
1300,1700,187648.7638,8950791.8997,0.676002,140.223877,40.645405,131.251175,38.448524,117.671249,38.417473,26.949484,0.347259,0.053996,0.855564,0.250300,26.977594,16.547579,6.070337,0.240000,0.067200,0.023475,0.161300,0.402075,0.468500,0.425550
1300,1800,187698.7638,8950791.8997,0.659965,142.317795,39.539665,132.355194,37.706345,119.738472,36.671413,28.444876,0.339278,0.052477,0.839792,0.250150,29.549170,16.214029,6.238299,0.277650,0.066825,0.014800,0.187500,0.362450,0.531975,0.377250
1400,0,186798.7638,8950741.8997,0.467788,139.903198,29.852812,128.081970,30.796423,114.850754,29.968437,19.539522,0.358006,0.064474,0.826383,0.251125,-663.106689,2528.748291,30.378929,0.319800,0.047250,0.025600,0.154050,0.400900,0.521100,0.426500
1400,100,186848.7638,8950741.8997,0.453143,133.610626,29.583948,126.752953,26.463886,107.080498,27.909246,16.385077,0.334004,0.069828,0.821850,0.280350,20.209600,13.405641,5.320795,0.169500,0.025750,0.003250,0.151275,0.638625,0.346525,0.641875
1400,200,186898.7638,8950741.8997,0.737066,130.100677,36.587318,125.710426,32.434628,105.520302,32.970955,21.030544,0.308442,0.055004,0.849046,0.288650,17.989548,12.387317,5.233572,0.121725,0.034575,0.003375,0.145200,0.677025,0.301500,0.680400
1400,300,186948.7638,8950741.8997,0.353572,130.717575,32.388977,127.797523,27.621317,104.467728,28.940729,15.960227,0.346631,0.065187,0.846619,0.265425,17.964487,12.692173,5.176745,0.072975,0.021175,0.002800,0.168150,0.719350,0.262300,0.722150
1400,400,186998.7638,8950741.8997,0.292678,125.216347,27.110924,126.546524,22.662367,98.071899,25.197716,12.601619,0.368994,0.075834,0.822242,0.250700,19.787312,13.637790,5.557545,0.030700,0.016925,0.003100,0.107950,0.833400,0.155575,0.836500
1400,500,187048.7638,8950741.8997,0.432948,121.755096,28.927240,124.669624,24.574036,95.558472,27.306740,16.184944,0.363315,0.076713,0.800861,0.244100,21.196117,14.306631,6.042825,0.081325,0.028475,0.004900,0.046925,0.823750,0.156725,0.828650
1400,600,187098.7638,8950741.8997,0.605010,125.431549,33.986435,124.759354,28.013527,101.297722,31.850107,20.597012,0.367560,0.077791,0.808525,0.219675,20.196066,14.189763,6.081213,0.211400,0.046450,0.005725,0.037925,0.668600,0.295775,0.674325
1400,700,187148.7638,8950741.8997,0.893828,129.364380,37.749889,124.453651,31.900393,108.493973,33.528172,25.186371,0.339292,0.067130,0.815557,0.247000,19.777071,13.286495,6.315099,0.284725,0.058875,0.007700,0.070075,0.540275,0.413675,0.547975
1400,800,187198.7638,8950741.8997,0.884083,135.584732,40.455963,125.891449,35.984371,113.448647,35.453262,30.413284,0.306728,0.055857,0.818044,0.277650,21.452589,12.918816,6.402157,0.343675,0.068750,0.009550,0.099000,0.435625,0.511425,0.445175
1400,900,187248.7638,8950741.8997,0.796363,143.921677,41.803444,128.489151,39.319515,117.246422,37.234150,32.466282,0.310222,0.055345,0.830920,0.273600,24.517653,13.779359,6.271891,0.466750,0.057900,0.007500,0.102125,0.300500,0.626775,0.308000
1400,1000,187298.7638,8950741.8997,0.682213,148.800369,42.379936,134.018372,41.212219,122.005974,38.584385,31.313086,0.322603,0.054524,0.849872,0.265825,21.228649,15.018332,5.222004,0.411125,0.042750,0.008300,0.138025,0.287100,0.591900,0.295400
1400,1100,187348.7638,8950741.8997,0.668682,144.621994,40.694775,134.212570,38.338531,120.045921,37.351910,28.560465,0.302969,0.048774,0.847099,0.284350,15.127728,12.433633,4.169709,0.263125,0.049000,0.008275,0.178000,0.400300,0.490125,0.408575
1400,1200,187398.7638,8950741.8997,0.760541,140.363602,37.033241,129.555328,34.094536,115.223297,33.034573,28.102377,0.292365,0.050049,0.810389,0.297500,14.301244,11.202907,4.168221,0.285475,0.053875,0.007250,0.184200,0.423700,0.523550,0.430950
1400,1300,187448.7638,8950741.8997,0.631805,147.469269,38.352238,135.007950,36.386688,121.277802,35.415054,28.888664,0.318188,0.050698,0.825724,0.279750,15.747188,12.490476,4.409493,0.311375,0.053225,0.009900,0.206700,0.337375,0.571300,0.347275
1400,1400,187498.7638,8950741.8997,0.527942,152.789856,39.386292,139.962326,39.510937,127.570625,38.453407,28.183393,0.359418,0.058063,0.851431,0.246325,18.245819,13.944142,5.009066,0.317625,0.059000,0.014225,0.186225,0.266425,0.562850,0.280650
1400,1500,187548.7638,8950741.8997,0.477527,154.660904,40.992912,142.022827,42.032154,129.655350,39.918335,27.607933,0.388087,0.068431,0.869418,0.220700,20.312868,14.650954,5.465581,0.301875,0.058425,0.018925,0.157050,0.249125,0.517350,0.268050
1400,1600,187598.7638,8950741.8997,0.473546,153.198029,41.419914,141.559753,41.659939,128.391205,39.534359,25.814320,0.381391,0.064187,0.877181,0.230400,24.676720,15.313083,6.005551,0.260900,0.062450,0.025275,0.180000,0.274750,0.503350,0.300025
1400,1700,187648.7638,8950741.8997,0.515028,151.193054,40.326908,140.316620,40.340057,128.262268,38.627365,27.584032,0.368738,0.056559,0.860182,0.241275,26.577225,15.468674,6.389080,0.263250,0.086225,0.026375,0.191650,0.274750,0.541125,0.301125
1400,1800,187698.7638,8950741.8997,0.554622,149.276581,39.514374,138.975876,38.847034,126.730927,37.316521,29.006277,0.346790,0.052026,0.842942,0.258775,25.799744,16.864349,5.997272,0.265675,0.081650,0.020425,0.194875,0.306875,0.542200,0.327300
1500,0,186798.7638,8950691.8997,0.551148,139.311600,31.931240,126.051575,32.348442,113.669746,31.650183,20.175102,0.350920,0.061716,0.838381,0.254375,-712.508179,2608.426514,30.500748,0.413100,0.049600,0.024000,0.142200,0.321975,0.604900,0.345975
1500,100,186848.7638,8950691.8997,0.709012,131.343506,33.950779,125.284897,30.061138,105.304100,31.799728,17.753235,0.329455,0.060280,0.852046,0.286700,18.719841,12.346411,5.238612,0.187125,0.024325,0.006025,0.153675,0.608150,0.365125,0.614175
1500,200,186898.7638,8950691.8997,0.613490,126.880501,35.750141,125.057098,31.482250,101.516777,32.238285,18.661589,0.320717,0.057809,0.858481,0.288075,15.255610,11.311396,4.483948,0.078525,0.021325,0.002100,0.120075,0.761350,0.219925,0.763450
1500,300,186948.7638,8950691.8997,0.397790,130.336655,33.582993,129.226227,29.141249,103.031471,31.723261,17.951685,0.353133,0.068451,0.843484,0.261025,13.985600,10.121160,4.202548,0.083500,0.030100,0.004325,0.105075,0.757275,0.218675,0.761600
1500,400,186998.7638,8950691.8997,0.697538,131.665955,34.326603,127.934128,30.752222,104.735451,34.134251,21.671726,0.346643,0.069646,0.823923,0.262375,15.298353,11.352579,4.488720,0.205125,0.057100,0.012725,0.051675,0.648375,0.313900,0.661100
1500,500,187048.7638,8950691.8997,0.795961,136.548431,36.795734,128.270279,35.047150,113.422501,37.878242,27.825390,0.331015,0.062694,0.818404,0.272675,17.976852,13.333634,5.063364,0.338600,0.096950,0.040700,0.037625,0.454525,0.473175,0.495225
1500,600,187098.7638,8950691.8997,0.747626,141.716431,37.925781,129.671753,38.245789,121.020302,39.090706,32.964962,0.333391,0.058999,0.813461,0.265775,17.127697,13.026875,5.027866,0.426025,0.124250,0.061425,0.045975,0.299900,0.596250,0.361325
1500,700,187148.7638,8950691.8997,0.793241,139.732925,38.311443,126.573547,37.432594,118.891052,36.381439,30.311609,0.332875,0.060488,0.823185,0.266175,19.432039,13.814404,5.775454,0.435450,0.093125,0.045450,0.075575,0.293675,0.604150,0.339125
1500,800,187198.7638,8950691.8997,0.854154,138.553452,39.923672,125.410202,36.774837,115.849274,34.960411,30.136162,0.308897,0.056359,0.823523,0.280075,23.386059,14.637505,6.408889,0.415050,0.066875,0.019500,0.105800,0.343975,0.587725,0.363475
1500,900,187248.7638,8950691.8997,0.793994,145.160019,41.277309,128.082596,38.121483,117.296249,35.414116,32.121773,0.300416,0.052314,0.823942,0.283825,24.751209,14.899113,6.106654,0.513525,0.051825,0.006400,0.121475,0.269400,0.686825,0.275800
1500,1000,187298.7638,8950691.8997,0.692304,150.253906,41.945770,134.173157,40.276894,121.589027,37.656307,32.967876,0.312547,0.052834,0.835783,0.276350,19.773365,15.219818,4.915239,0.444900,0.039350,0.007475,0.157825,0.268800,0.642075,0.276275
1500,1100,187348.7638,8950691.8997,0.673071,145.711395,40.520767,134.526794,38.052040,119.595123,36.815834,29.958618,0.293401,0.048255,0.836992,0.296900,13.033174,11.755888,3.727550,0.269425,0.041850,0.007000,0.193750,0.402125,0.505025,0.409125
1500,1200,187398.7638,8950691.8997,0.711710,143.639374,38.913891,130.807877,35.817009,115.772797,33.628197,26.609850,0.304257,0.050257,0.836136,0.287375,12.321922,10.980509,3.688860,0.333200,0.036825,0.004650,0.197925,0.373075,0.567950,0.377725
1500,1300,187448.7638,8950691.8997,0.672740,148.350128,39.265903,133.338669,38.560513,121.107422,36.466644,29.219101,0.330765,0.053103,0.838673,0.267700,12.447578,11.687485,3.636718,0.423350,0.056350,0.010975,0.177175,0.250375,0.656875,0.261350
1500,1400,187498.7638,8950691.8997,0.638504,149.273178,38.817802,135.528122,39.659550,124.747452,37.901012,30.939823,0.341393,0.054923,0.835491,0.263575,14.271457,12.880626,3.876585,0.382450,0.069325,0.016575,0.160775,0.242575,0.612550,0.259150
1500,1500,187548.7638,8950691.8997,0.564878,150.060257,40.416565,137.464645,41.084774,125.718948,38.611065,28.919971,0.362696,0.060207,0.857251,0.237650,15.241672,14.148480,3.998072,0.315675,0.064425,0.023950,0.162100,0.260500,0.542200,0.284450
1500,1600,187598.7638,8950691.8997,0.538640,148.984070,40.893925,137.869919,40.680893,124.916397,38.792904,26.245115,0.362612,0.058197,0.869951,0.240025,18.981424,15.918286,4.655790,0.270250,0.065125,0.022925,0.171250,0.303225,0.506625,0.326150
1500,1700,187648.7638,8950691.8997,0.564030,144.845825,40.821854,135.299774,39.025040,121.502747,37.811115,23.955631,0.357871,0.056541,0.873999,0.254975,19.163334,15.612350,4.956037,0.259575,0.055875,0.010925,0.172950,0.362350,0.488400,0.373275
1500,1800,187698.7638,8950691.8997,0.661899,138.042603,42.281303,131.296402,38.488811,117.327171,36.937222,23.981413,0.338484,0.051194,0.874533,0.272975,15.832445,14.777958,4.370369,0.197550,0.053450,0.012625,0.163425,0.469525,0.414425,0.482150
1600,0,186798.7638,8950641.8997,0.625399,138.706375,35.591099,124.917503,36.283600,114.006104,35.172459,25.653233,0.347073,0.063222,0.836113,0.245500,-760.972595,2685.115234,30.148939,0.449625,0.069450,0.024075,0.090450,0.296075,0.609525,0.320150
1600,100,186848.7638,8950641.8997,0.822508,131.557770,36.889446,125.213577,33.810749,105.702454,35.442371,21.289270,0.352270,0.061952,0.856052,0.253325,17.165131,11.931727,4.574603,0.218350,0.039650,0.013900,0.114525,0.565750,0.372525,0.579650
1600,200,186898.7638,8950641.8997,0.826555,131.508804,35.869755,126.576202,31.882086,104.642502,33.828442,21.971880,0.333337,0.058925,0.835083,0.274325,16.028618,11.417851,4.409119,0.195225,0.041575,0.010850,0.097575,0.622325,0.334375,0.633175
1600,300,186948.7638,8950641.8997,0.779857,138.524902,35.945118,129.817123,33.710041,112.713623,35.367912,26.428720,0.326459,0.056538,0.814437,0.276725,17.073509,12.056196,4.718542,0.322775,0.064600,0.033775,0.089175,0.452250,0.476550,0.486025
1600,400,186998.7638,8950641.8997,0.799887,138.579132,37.675350,126.638351,36.769978,116.475624,37.764820,28.107115,0.330222,0.056680,0.830032,0.276775,15.950550,11.920620,4.605089,0.440075,0.096700,0.063575,0.050575,0.318675,0.587350,0.382250
1600,500,187048.7638,8950641.8997,0.834317,133.382431,39.651115,122.712898,38.097206,116.447151,39.164806,28.256207,0.333000,0.058948,0.843748,0.282725,16.111507,11.865908,4.770195,0.412600,0.120100,0.068750,0.024200,0.352225,0.556900,0.420975
1600,600,187098.7638,8950641.8997,0.825179,131.159546,40.475533,122.057823,39.190159,116.290802,40.161369,29.235006,0.339255,0.060143,0.847334,0.274725,17.382359,13.058425,5.024990,0.365425,0.130500,0.075675,0.026525,0.377925,0.522450,0.453600
1600,700,187148.7638,8950641.8997,0.819055,131.406830,36.820465,120.622101,36.391647,115.341850,36.613373,26.816511,0.342691,0.059531,0.834111,0.261775,21.134779,14.987657,5.681604,0.414325,0.111475,0.084775,0.036625,0.316750,0.562425,0.401525
1600,800,187198.7638,8950641.8997,0.884282,132.991074,38.286064,121.234726,36.176800,114.605774,35.587826,27.244722,0.321608,0.053923,0.833348,0.275625,24.539083,15.884998,6.041649,0.429200,0.088400,0.050500,0.069500,0.323750,0.587100,0.374250
1600,900,187248.7638,8950641.8997,0.855657,139.811127,40.707344,124.511726,37.992805,115.406723,36.083870,31.126541,0.297921,0.049918,0.828215,0.284900,25.862654,17.543940,5.985218,0.502550,0.067800,0.010975,0.114725,0.270075,0.685075,0.281050
1600,1000,187298.7638,8950641.8997,0.777783,144.570557,40.262192,129.109726,38.998104,117.449600,36.647293,31.976540,0.299903,0.050815,0.829266,0.280450,23.523853,17.395285,5.629128,0.463700,0.044125,0.005825,0.154250,0.264175,0.662075,0.270000
1600,1100,187348.7638,8950641.8997,0.777813,142.007782,39.754559,129.422974,38.271736,116.873123,36.368221,28.662203,0.297983,0.050254,0.842153,0.291675,17.693384,14.760436,4.668448,0.356125,0.044900,0.009450,0.157125,0.350000,0.558150,0.359450
1600,1200,187398.7638,8950641.8997,0.756500,143.054474,40.281616,129.100250,38.256577,116.424026,34.899464,27.303846,0.311750,0.050988,0.849033,0.286725,13.621113,12.572326,3.928588,0.383700,0.044625,0.010025,0.175500,0.319025,0.603825,0.329050
1600,1300,187448.7638,8950641.8997,0.716998,146.658600,41.658272,131.127075,40.697018,119.517426,36.845016,30.291298,0.330284,0.052870,0.849297,0.271625,10.967995,10.816098,3.339175,0.438600,0.051950,0.008150,0.177850,0.246250,0.668400,0.254400
1600,1400,187498.7638,8950641.8997,0.772241,144.574600,39.908638,129.027496,39.167572,118.298347,36.624065,33.157597,0.321083,0.053441,0.821824,0.272400,11.440578,11.761043,3.324515,0.457525,0.061200,0.010725,0.141950,0.254700,0.660675,0.265425
1600,1500,187548.7638,8950641.8997,0.827561,140.154907,40.898525,126.930023,38.298817,114.303902,35.877827,31.340899,0.313591,0.050901,0.829401,0.270975,11.350110,12.639037,3.225329,0.368725,0.055550,0.013525,0.148350,0.341275,0.572625,0.354800
1600,1600,187598.7638,8950641.8997,0.896715,132.624176,41.048653,125.470299,37.125343,108.931877,36.143055,26.989304,0.303599,0.050154,0.848061,0.284450,12.246834,13.292988,3.469368,0.215325,0.048050,0.013825,0.122125,0.525050,0.385500,0.538875
1600,1700,187648.7638,8950641.8997,0.898669,127.053001,38.954529,123.282547,34.833767,106.048225,35.252659,24.698484,0.301559,0.052466,0.843825,0.298875,12.673985,13.054696,3.719632,0.166225,0.050075,0.014150,0.081450,0.624600,0.297750,0.638750
1600,1800,187698.7638,8950641.8997,0.931826,125.856949,38.773144,121.276276,34.709469,108.385223,35.200401,24.661377,0.303750,0.052864,0.842817,0.296975,13.142632,13.225065,3.874205,0.202700,0.075950,0.034900,0.069625,0.579450,0.348275,0.614350
1700,0,186798.7638,8950591.8997,0.697910,135.927032,39.070656,124.362900,38.109722,111.885399,37.633263,31.588871,0.315430,0.057217,0.822421,0.268650,-812.752075,2758.735352,28.996332,0.406225,0.075300,0.023025,0.076675,0.354175,0.558200,0.377200
1700,100,186848.7638,8950591.8997,0.874521,134.332169,39.397240,126.608749,37.465019,110.496048,38.688240,28.995441,0.328357,0.057323,0.836155,0.265450,13.207311,10.505337,3.485275,0.287100,0.069900,0.020350,0.087775,0.471550,0.444775,0.491900
1700,200,186898.7638,8950591.8997,0.784250,140.182831,37.876724,129.236969,37.438160,116.098228,38.467041,29.812304,0.330141,0.054320,0.825742,0.274550,13.743274,10.658266,3.801407,0.364775,0.090625,0.045300,0.075675,0.366775,0.531075,0.412075
1700,300,186948.7638,8950591.8997,0.830745,136.975357,37.448757,123.959877,37.118572,116.078552,36.238167,28.712145,0.326635,0.053570,0.827061,0.283275,17.156782,12.260225,4.743771,0.457700,0.090225,0.070675,0.057150,0.287650,0.605075,0.358325
1700,400,186998.7638,8950591.8997,0.863068,128.126724,35.511478,117.062950,34.163040,111.588448,34.061020,24.274813,0.335360,0.062437,0.831232,0.278600,18.730263,12.993780,5.212556,0.464625,0.087125,0.077100,0.034975,0.320800,0.586725,0.397900
1700,500,187048.7638,8950591.8997,0.887683,124.286148,35.936882,115.697197,34.554142,110.690300,35.062973,24.450998,0.333766,0.064628,0.835460,0.283075,21.204798,13.672943,5.768917,0.412150,0.110550,0.057000,0.023925,0.384900,0.546625,0.441900
1700,600,187098.7638,8950591.8997,0.914007,118.928322,36.855953,112.251152,34.180382,106.418449,34.799438,23.666941,0.327747,0.064286,0.841527,0.284350,23.705645,14.124653,6.453028,0.336475,0.099800,0.041050,0.025125,0.479900,0.461400,0.520950
1700,700,187148.7638,8950591.8997,0.842875,122.868050,34.669998,114.042152,33.163399,110.162399,33.888351,23.305374,0.335653,0.060786,0.830626,0.268350,23.632574,14.470859,6.346449,0.394350,0.096300,0.096500,0.029500,0.367250,0.520150,0.463750
1700,800,187198.7638,8950591.8997,0.853142,125.990479,36.343647,116.732574,35.033604,112.304451,35.815945,24.561701,0.335835,0.058065,0.839738,0.272150,23.941965,16.166634,5.927918,0.401400,0.099650,0.090325,0.049300,0.343550,0.550350,0.433875
1700,900,187248.7638,8950591.8997,0.961326,129.812225,41.345570,119.380051,37.753654,109.253227,37.775608,28.221054,0.307353,0.053185,0.846219,0.286250,24.261753,18.399292,5.689212,0.380350,0.071075,0.021900,0.096525,0.394325,0.547950,0.416225
1700,1000,187298.7638,8950591.8997,0.891027,136.826477,40.433994,123.579201,37.645943,109.897026,37.591030,28.913683,0.301045,0.051743,0.839970,0.283725,22.836435,17.664064,5.339386,0.419975,0.044600,0.006550,0.129275,0.339850,0.593850,0.346400
1700,1100,187348.7638,8950591.8997,0.907089,134.573975,39.513016,121.484825,37.234619,109.442474,36.970257,25.898853,0.313641,0.053950,0.851945,0.281700,18.504274,15.034661,4.638535,0.427225,0.047175,0.014650,0.106625,0.338500,0.581025,0.353150
1700,1200,187398.7638,8950591.8997,0.914601,133.006332,41.088070,121.262848,38.182377,110.486198,36.528496,25.761982,0.318018,0.053166,0.860185,0.281250,13.510887,12.383578,3.859422,0.381875,0.053550,0.016750,0.118150,0.366050,0.553575,0.382800
1700,1300,187448.7638,8950591.8997,0.865494,135.145401,42.150238,124.777100,38.198956,112.993073,36.326332,26.354584,0.318078,0.052817,0.859180,0.281125,10.058750,10.628326,3.021092,0.332375,0.056200,0.010475,0.145250,0.399225,0.533825,0.409700
1700,1400,187498.7638,8950591.8997,0.852753,137.670456,40.361179,126.388474,36.844028,115.186203,35.857609,29.553822,0.308360,0.053358,0.829847,0.284150,9.116680,10.880384,2.700977,0.369875,0.073950,0.012200,0.128200,0.376700,0.572025,0.388900
1700,1500,187548.7638,8950591.8997,0.921992,133.116531,40.291428,124.526474,35.484043,110.834427,34.938324,30.765751,0.287713,0.050348,0.814151,0.297950,10.994974,12.890128,3.267133,0.272625,0.064875,0.010225,0.128850,0.498150,0.466350,0.508375
1700,1600,187598.7638,8950591.8997,0.921675,125.542351,38.043056,121.007576,33.088833,104.160576,33.093460,27.768375,0.272735,0.050542,0.808071,0.316775,12.270679,13.570610,3.561089,0.185900,0.053125,0.012200,0.093000,0.631500,0.332025,0.643700
1700,1700,187648.7638,8950591.8997,0.948555,124.842926,36.317974,119.468300,33.536621,107.006699,35.265804,26.077066,0.296101,0.054310,0.818430,0.309650,12.755788,13.131101,3.631465,0.259125,0.088400,0.031525,0.046625,0.550700,0.394150,0.582225
1700,1800,187698.7638,8950591.8997,0.826341,129.643127,35.156967,120.618446,34.111950,114.553352,35.824001,25.021122,0.326804,0.057010,0.826191,0.287300,14.413794,13.567318,4.052480,0.356900,0.113725,0.087150,0.038150,0.386800,0.508775,0.473950
1800,0,186798.7638,8950541.8997,0.738217,130.006927,40.672176,122.894753,37.896645,107.084122,39.295906,34.086029,0.285038,0.049961,0.813161,0.306725,-864.164001,2830.052734,28.536894,0.307100,0.071900,0.023350,0.052400,0.501075,0.431400,0.524425
1800,100,186848.7638,8950541.8997,0.923014,130.820068,39.856014,124.645500,36.809235,108.228897,38.590214,31.818441,0.287941,0.049266,0.816633,0.308200,11.720843,8.679767,3.436882,0.249450,0.071550,0.035750,0.059275,0.535025,0.380275,0.570775
1800,200,186898.7638,8950541.8997,0.818516,136.740494,40.072399,127.583473,38.691910,115.220848,39.808720,30.657093,0.318585,0.050980,0.835536,0.285575,13.619277,10.187627,3.756704,0.297250,0.093675,0.062475,0.069975,0.423650,0.460900,0.486125
1800,300,186948.7638,8950541.8997,0.913244,130.636429,39.207069,121.397827,37.730839,111.694626,38.021637,28.239792,0.322630,0.055025,0.840174,0.285175,15.722075,11.260221,4.259979,0.355500,0.090150,0.053425,0.068150,0.403675,0.513800,0.457100
1800,400,186998.7638,8950541.8997,0.919205,124.205673,35.564156,114.690422,33.693211,108.882973,32.725052,24.883333,0.328922,0.065424,0.823959,0.279525,17.400085,12.207301,4.751852,0.427225,0.084225,0.044225,0.051800,0.373525,0.563250,0.417750
1800,500,187048.7638,8950541.8997,0.885417,122.363823,35.408047,113.598503,34.190807,109.894096,33.632492,23.686571,0.343040,0.068980,0.836319,0.272475,20.865135,13.952657,5.506910,0.421700,0.108125,0.040225,0.031775,0.385025,0.561600,0.425250
1800,600,187098.7638,8950541.8997,0.879939,120.174728,34.472507,111.812675,32.292118,108.134125,32.645161,21.569351,0.338572,0.063738,0.836697,0.281050,24.164059,15.819538,6.229159,0.392100,0.095000,0.058900,0.029925,0.413475,0.517025,0.472375
1800,700,187148.7638,8950541.8997,0.845981,122.214401,32.733913,112.797974,31.209511,109.714523,31.912943,23.788023,0.324814,0.058876,0.805367,0.284375,21.748787,16.418676,5.621674,0.416025,0.093275,0.100300,0.029450,0.354100,0.538750,0.454400
1800,800,187198.7638,8950541.8997,0.853048,123.942879,34.068764,115.038673,33.430088,110.656174,34.576923,25.636366,0.323045,0.058069,0.814713,0.283775,18.384615,15.571982,4.837346,0.396100,0.101800,0.102550,0.031950,0.357050,0.529850,0.459600
1800,900,187248.7638,8950541.8997,0.978590,124.783829,39.049805,116.889252,35.221073,104.959625,36.107197,27.533230,0.298621,0.052485,0.829014,0.300275,17.043201,15.371358,4.513464,0.300175,0.064525,0.049625,0.073850,0.485250,0.438550,0.534875
1800,1000,187298.7638,8950541.8997,0.952811,132.622894,42.182560,121.541824,36.397682,103.650177,36.394058,31.012825,0.282841,0.048000,0.824324,0.305300,14.385645,13.887387,3.864621,0.330200,0.034200,0.005850,0.119275,0.470775,0.483675,0.476625
1800,1100,187348.7638,8950541.8997,0.947469,133.264221,40.184589,120.869453,35.791420,105.916222,35.439003,29.306187,0.300674,0.051001,0.824387,0.292950,14.076472,12.943810,3.886208,0.389700,0.038325,0.010550,0.117875,0.396650,0.545900,0.407200
1800,1200,187398.7638,8950541.8997,0.963935,124.663597,39.263344,116.578476,34.850590,104.824821,34.564991,22.993650,0.318743,0.056698,0.855663,0.278050,13.869633,12.405141,3.853795,0.306125,0.048475,0.014125,0.107375,0.478300,0.461975,0.492425
1800,1300,187448.7638,8950541.8997,0.850760,122.080574,38.740520,118.209846,33.446205,105.837502,34.561386,18.021912,0.328654,0.058834,0.880974,0.270525,9.862900,11.160914,2.706068,0.195825,0.073750,0.014350,0.087450,0.591675,0.357025,0.606025
1800,1400,187498.7638,8950541.8997,0.841632,123.579048,36.868904,120.065277,31.786449,109.249397,33.575958,19.613785,0.323725,0.061550,0.857462,0.280200,7.212027,9.834913,2.025415,0.187875,0.093900,0.018625,0.060575,0.609600,0.342350,0.628225
1800,1500,187548.7638,8950541.8997,0.910998,123.306000,36.716789,119.773148,31.447369,108.845375,32.590458,23.981499,0.303625,0.060150,0.821188,0.297925,8.389022,11.628786,2.519821,0.198700,0.079500,0.020500,0.063175,0.617000,0.341375,0.637500
1800,1600,187598.7638,8950541.8997,0.886161,127.302528,35.495934,120.026398,32.275784,111.449654,33.380619,24.403149,0.315898,0.057499,0.817230,0.286650,9.274514,12.398680,2.718860,0.333300,0.082300,0.069300,0.050850,0.443550,0.466450,0.512850
1800,1700,187648.7638,8950541.8997,0.768449,130.622223,34.091152,120.262527,35.108322,118.237274,36.790558,24.621687,0.351081,0.059457,0.833072,0.268475,11.098172,12.218540,3.045363,0.434575,0.137350,0.105225,0.024450,0.282550,0.596375,0.387775
1800,1800,187698.7638,8950541.8997,0.774660,129.382477,32.114857,118.302498,33.609161,117.206879,35.265182,24.835718,0.353261,0.062328,0.814357,0.267750,12.843621,12.617283,3.697230,0.434650,0.133450,0.102800,0.028400,0.291250,0.596500,0.394050
